Watching for file changes with StatReloader
Not Found: /
"GET / HTTP/1.1" 404 2489
Not Found: /favicon.ico
"GET /favicon.ico HTTP/1.1" 404 2540
Watching for file changes with StatReloader
Watching for file changes with StatReloader
Watching for file changes with StatReloader
"OPTIONS /graphql HTTP/1.1" 200 0
Internal Server Error: /graphql
Traceback (most recent call last):
  File "C:\Users\AL MUZANY\AppData\Local\Programs\Python\Python310\lib\site-packages\django\core\handlers\exception.py", line 55, in inner
    response = get_response(request)
  File "C:\Users\AL MUZANY\AppData\Local\Programs\Python\Python310\lib\site-packages\django\utils\deprecation.py", line 136, in __call__
    response = self.process_response(request, response)
  File "C:\Users\AL MUZANY\AppData\Local\Programs\Python\Python310\lib\site-packages\django\middleware\common.py", line 108, in process_response
    return self.response_redirect_class(self.get_full_path_with_slash(request))
  File "C:\Users\AL MUZANY\AppData\Local\Programs\Python\Python310\lib\site-packages\django\middleware\common.py", line 87, in get_full_path_with_slash
    raise RuntimeError(
RuntimeError: You called this URL via POST, but the URL doesn't end in a slash and you have APPEND_SLASH set. Django can't redirect to the slash URL while maintaining POST data. Change your form to point to localhost:8000/graphql/ (note the trailing slash), or set APPEND_SLASH=False in your Django settings.
"POST /graphql HTTP/1.1" 500 75714
Forbidden (CSRF cookie not set.): /graphql/
"POST /graphql/ HTTP/1.1" 403 2870
C:\Users\AL MUZANY\Documents\Dev\SIMS_Backend\sims_backend\graphql_urls.py changed, reloading.
C:\Users\AL MUZANY\Documents\Dev\SIMS_Backend\sims_backend\graphql_urls.py changed, reloading.
Watching for file changes with StatReloader
Watching for file changes with StatReloader
"POST /graphql/ HTTP/1.1" 200 2220
"OPTIONS /graphql/ HTTP/1.1" 200 0
"POST /graphql/ HTTP/1.1" 200 485
"POST /graphql/ HTTP/1.1" 200 485
"POST /graphql/ HTTP/1.1" 200 485
C:\Users\AL MUZANY\Documents\Dev\SIMS_Backend\core\schema\core_schema.py changed, reloading.
C:\Users\AL MUZANY\Documents\Dev\SIMS_Backend\core\schema\core_schema.py changed, reloading.
Watching for file changes with StatReloader
Watching for file changes with StatReloader
"POST /graphql/ HTTP/1.1" 200 157
C:\Users\AL MUZANY\Documents\Dev\SIMS_Backend\core\schema\core_schema.py changed, reloading.
C:\Users\AL MUZANY\Documents\Dev\SIMS_Backend\core\schema\core_schema.py changed, reloading.
Watching for file changes with StatReloader
Watching for file changes with StatReloader
"POST /graphql/ HTTP/1.1" 200 307
"POST /graphql/ HTTP/1.1" 200 307
"POST /graphql/ HTTP/1.1" 200 1512
"POST /graphql/ HTTP/1.1" 200 1512
"POST /graphql/ HTTP/1.1" 200 1512
Bad Request: /graphql/
Bad Request: /graphql/
"POST /graphql/ HTTP/1.1" 400 75
"POST /graphql/ HTTP/1.1" 400 75
Bad Request: /graphql/
Bad Request: /graphql/
"POST /graphql/ HTTP/1.1" 400 75
"POST /graphql/ HTTP/1.1" 400 75
Bad Request: /graphql/
Bad Request: /graphql/
"POST /graphql/ HTTP/1.1" 400 75
"POST /graphql/ HTTP/1.1" 400 75
"POST /graphql/ HTTP/1.1" 200 1512
"POST /graphql/ HTTP/1.1" 200 1512
C:\Users\AL MUZANY\Documents\Dev\SIMS_Backend\core\schema\core_schema.py changed, reloading.
C:\Users\AL MUZANY\Documents\Dev\SIMS_Backend\core\schema\core_schema.py changed, reloading.
Watching for file changes with StatReloader
Watching for file changes with StatReloader
C:\Users\AL MUZANY\Documents\Dev\SIMS_Backend\academics\schema\academics_schema.py changed, reloading.
C:\Users\AL MUZANY\Documents\Dev\SIMS_Backend\academics\schema\academics_schema.py changed, reloading.
Watching for file changes with StatReloader
Watching for file changes with StatReloader
C:\Users\AL MUZANY\Documents\Dev\SIMS_Backend\academics\schema\academics_schema.py changed, reloading.
C:\Users\AL MUZANY\Documents\Dev\SIMS_Backend\academics\schema\academics_schema.py changed, reloading.
Watching for file changes with StatReloader
Watching for file changes with StatReloader
C:\Users\AL MUZANY\Documents\Dev\SIMS_Backend\academics\schema\academics_schema.py changed, reloading.
C:\Users\AL MUZANY\Documents\Dev\SIMS_Backend\academics\schema\academics_schema.py changed, reloading.
Watching for file changes with StatReloader
Watching for file changes with StatReloader
C:\Users\AL MUZANY\Documents\Dev\SIMS_Backend\academics\schema\academics_schema.py changed, reloading.
C:\Users\AL MUZANY\Documents\Dev\SIMS_Backend\academics\schema\academics_schema.py changed, reloading.
Watching for file changes with StatReloader
Watching for file changes with StatReloader
C:\Users\AL MUZANY\Documents\Dev\SIMS_Backend\academics\schema\academics_schema.py changed, reloading.
C:\Users\AL MUZANY\Documents\Dev\SIMS_Backend\academics\schema\academics_schema.py changed, reloading.
Watching for file changes with StatReloader
Watching for file changes with StatReloader
C:\Users\AL MUZANY\Documents\Dev\SIMS_Backend\core\schema\core_schema.py changed, reloading.
C:\Users\AL MUZANY\Documents\Dev\SIMS_Backend\core\schema\core_schema.py changed, reloading.
Watching for file changes with StatReloader
Watching for file changes with StatReloader
C:\Users\AL MUZANY\Documents\Dev\SIMS_Backend\core\schema\core_schema.py changed, reloading.
C:\Users\AL MUZANY\Documents\Dev\SIMS_Backend\core\schema\core_schema.py changed, reloading.
Watching for file changes with StatReloader
Watching for file changes with StatReloader
C:\Users\AL MUZANY\Documents\Dev\SIMS_Backend\core\schema\core_schema.py changed, reloading.
C:\Users\AL MUZANY\Documents\Dev\SIMS_Backend\core\schema\core_schema.py changed, reloading.
Watching for file changes with StatReloader
Watching for file changes with StatReloader
C:\Users\AL MUZANY\Documents\Dev\SIMS_Backend\core\schema\core_schema.py changed, reloading.
C:\Users\AL MUZANY\Documents\Dev\SIMS_Backend\core\schema\core_schema.py changed, reloading.
Watching for file changes with StatReloader
Watching for file changes with StatReloader
C:\Users\AL MUZANY\Documents\Dev\SIMS_Backend\core\schema\core_schema.py changed, reloading.
C:\Users\AL MUZANY\Documents\Dev\SIMS_Backend\core\schema\core_schema.py changed, reloading.
Watching for file changes with StatReloader
Watching for file changes with StatReloader
C:\Users\AL MUZANY\Documents\Dev\SIMS_Backend\core\schema\core_schema.py changed, reloading.
C:\Users\AL MUZANY\Documents\Dev\SIMS_Backend\core\schema\core_schema.py changed, reloading.
Watching for file changes with StatReloader
Watching for file changes with StatReloader
C:\Users\AL MUZANY\Documents\Dev\SIMS_Backend\core\schema\core_schema.py changed, reloading.
C:\Users\AL MUZANY\Documents\Dev\SIMS_Backend\core\schema\core_schema.py changed, reloading.
Watching for file changes with StatReloader
Watching for file changes with StatReloader
C:\Users\AL MUZANY\Documents\Dev\SIMS_Backend\core\schema\core_schema.py changed, reloading.
C:\Users\AL MUZANY\Documents\Dev\SIMS_Backend\core\schema\core_schema.py changed, reloading.
Watching for file changes with StatReloader
Watching for file changes with StatReloader
Watching for file changes with StatReloader
"OPTIONS /graphql/ HTTP/1.1" 200 0
"POST /graphql/ HTTP/1.1" 200 97
"POST /graphql/ HTTP/1.1" 200 29
"POST /graphql/ HTTP/1.1" 200 97
"POST /graphql/ HTTP/1.1" 200 97
"POST /graphql/ HTTP/1.1" 200 97
Watching for file changes with StatReloader
C:\Users\AL MUZANY\Documents\Dev\SIMS_Backend\academics\schema\academics_schema.py changed, reloading.
Watching for file changes with StatReloader
C:\Users\AL MUZANY\Documents\Dev\SIMS_Backend\core\schema\core_schema.py changed, reloading.
Watching for file changes with StatReloader
C:\Users\AL MUZANY\Documents\Dev\SIMS_Backend\core\queries\core_queries.py changed, reloading.
Watching for file changes with StatReloader
C:\Users\AL MUZANY\Documents\Dev\SIMS_Backend\sims_backend\settings.py changed, reloading.
Watching for file changes with StatReloader
C:\Users\AL MUZANY\Documents\Dev\SIMS_Backend\core\signals.py changed, reloading.
Watching for file changes with StatReloader
C:\Users\AL MUZANY\Documents\Dev\SIMS_Backend\core\queries\core_queries.py changed, reloading.
Watching for file changes with StatReloader
C:\Users\AL MUZANY\Documents\Dev\SIMS_Backend\sims_backend\settings.py changed, reloading.
Watching for file changes with StatReloader
C:\Users\AL MUZANY\Documents\Dev\SIMS_Backend\academics\mutations\academics_mutations.py changed, reloading.
Watching for file changes with StatReloader
C:\Users\AL MUZANY\Documents\Dev\SIMS_Backend\academics\queries\academics_queries.py changed, reloading.
Watching for file changes with StatReloader
C:\Users\AL MUZANY\Documents\Dev\SIMS_Backend\academics\schema\academics_schema.py changed, reloading.
Watching for file changes with StatReloader
Watching for file changes with StatReloader
Watching for file changes with StatReloader
E:\Dev\Zee\SIMS_Backend\sims_backend\settings.py changed, reloading.
Watching for file changes with StatReloader
Watching for file changes with StatReloader
E:\Dev\Zee\SIMS_Backend\core\schema\core_schema.py changed, reloading.
Watching for file changes with StatReloader
E:\Dev\Zee\SIMS_Backend\core\mutations\core_mutations.py changed, reloading.
Watching for file changes with StatReloader
E:\Dev\Zee\SIMS_Backend\core\mutations\core_mutations.py changed, reloading.
Watching for file changes with StatReloader
"OPTIONS /graphql/ HTTP/1.1" 200 0
"POST /graphql/ HTTP/1.1" 200 474
"POST /graphql/ HTTP/1.1" 200 319
"POST /graphql/ HTTP/1.1" 200 270
"POST /graphql/ HTTP/1.1" 200 270
E:\Dev\Zee\SIMS_Backend\core\queries\core_queries.py changed, reloading.
Watching for file changes with StatReloader
"POST /graphql/ HTTP/1.1" 200 270
"POST /graphql/ HTTP/1.1" 200 270
"POST /graphql/ HTTP/1.1" 200 824
"POST /graphql/ HTTP/1.1" 200 824
"POST /graphql/ HTTP/1.1" 200 383
"POST /graphql/ HTTP/1.1" 200 383
"POST /graphql/ HTTP/1.1" 200 171
"POST /graphql/ HTTP/1.1" 200 171
"POST /graphql/ HTTP/1.1" 200 383
"POST /graphql/ HTTP/1.1" 200 383
"POST /graphql/ HTTP/1.1" 200 824
"POST /graphql/ HTTP/1.1" 200 824
"POST /graphql/ HTTP/1.1" 200 171
"POST /graphql/ HTTP/1.1" 200 171
"POST /graphql/ HTTP/1.1" 200 824
"POST /graphql/ HTTP/1.1" 200 824
"POST /graphql/ HTTP/1.1" 200 383
"POST /graphql/ HTTP/1.1" 200 383
"POST /graphql/ HTTP/1.1" 200 319
"POST /graphql/ HTTP/1.1" 200 171
"POST /graphql/ HTTP/1.1" 200 171
"POST /graphql/ HTTP/1.1" 200 824
"POST /graphql/ HTTP/1.1" 200 824
"POST /graphql/ HTTP/1.1" 200 327
"POST /graphql/ HTTP/1.1" 200 474
"POST /graphql/ HTTP/1.1" 200 474
"POST /graphql/ HTTP/1.1" 200 663
"POST /graphql/ HTTP/1.1" 200 663
"POST /graphql/ HTTP/1.1" 200 170
"POST /graphql/ HTTP/1.1" 200 170
"POST /graphql/ HTTP/1.1" 200 170
"POST /graphql/ HTTP/1.1" 200 168
"POST /graphql/ HTTP/1.1" 200 168
"POST /graphql/ HTTP/1.1" 200 168
"POST /graphql/ HTTP/1.1" 200 474
"POST /graphql/ HTTP/1.1" 200 474
"POST /graphql/ HTTP/1.1" 200 102
"POST /graphql/ HTTP/1.1" 200 319
"POST /graphql/ HTTP/1.1" 200 171
"POST /graphql/ HTTP/1.1" 200 171
"POST /graphql/ HTTP/1.1" 200 383
"POST /graphql/ HTTP/1.1" 200 383
"POST /graphql/ HTTP/1.1" 200 824
"POST /graphql/ HTTP/1.1" 200 824
"OPTIONS /graphql/ HTTP/1.1" 200 0
"POST /graphql/ HTTP/1.1" 200 323
"POST /graphql/ HTTP/1.1" 200 755
"POST /graphql/ HTTP/1.1" 200 755
"POST /graphql/ HTTP/1.1" 200 33
"POST /graphql/ HTTP/1.1" 200 33
"POST /graphql/ HTTP/1.1" 200 168
"POST /graphql/ HTTP/1.1" 200 168
"POST /graphql/ HTTP/1.1" 200 168
"POST /graphql/ HTTP/1.1" 200 328
"POST /graphql/ HTTP/1.1" 200 328
"POST /graphql/ HTTP/1.1" 200 328
"POST /graphql/ HTTP/1.1" 200 328
"POST /graphql/ HTTP/1.1" 200 168
"POST /graphql/ HTTP/1.1" 200 168
"POST /graphql/ HTTP/1.1" 200 168
"POST /graphql/ HTTP/1.1" 200 328
"POST /graphql/ HTTP/1.1" 200 328
"POST /graphql/ HTTP/1.1" 200 168
"POST /graphql/ HTTP/1.1" 200 168
"POST /graphql/ HTTP/1.1" 200 168
"POST /graphql/ HTTP/1.1" 200 500
"POST /graphql/ HTTP/1.1" 200 500
"POST /graphql/ HTTP/1.1" 200 415
"POST /graphql/ HTTP/1.1" 200 1638
"POST /graphql/ HTTP/1.1" 200 1638
"POST /graphql/ HTTP/1.1" 200 319
"POST /graphql/ HTTP/1.1" 200 171
"POST /graphql/ HTTP/1.1" 200 171
"POST /graphql/ HTTP/1.1" 200 383
"POST /graphql/ HTTP/1.1" 200 383
"POST /graphql/ HTTP/1.1" 200 357
"POST /graphql/ HTTP/1.1" 200 357
"POST /graphql/ HTTP/1.1" 200 407
"POST /graphql/ HTTP/1.1" 200 407
Watching for file changes with StatReloader
"POST /graphql/ HTTP/1.1" 200 406
"POST /graphql/ HTTP/1.1" 200 357
"POST /graphql/ HTTP/1.1" 200 357
"POST /graphql/ HTTP/1.1" 200 408
E:\Dev\Zee\SIMS_Backend\academics\models\academics_models.py changed, reloading.
Watching for file changes with StatReloader
"POST /graphql/ HTTP/1.1" 200 613
"POST /graphql/ HTTP/1.1" 200 613
E:\Dev\Zee\SIMS_Backend\academics\mutations\academics_mutations.py changed, reloading.
Watching for file changes with StatReloader
"POST /graphql/ HTTP/1.1" 200 216
"POST /graphql/ HTTP/1.1" 200 195
"POST /graphql/ HTTP/1.1" 200 384
"POST /graphql/ HTTP/1.1" 200 86
"POST /graphql/ HTTP/1.1" 200 720
"POST /graphql/ HTTP/1.1" 200 191
"POST /graphql/ HTTP/1.1" 200 886
"POST /graphql/ HTTP/1.1" 200 86
"POST /graphql/ HTTP/1.1" 200 1221
"POST /graphql/ HTTP/1.1" 200 265
"POST /graphql/ HTTP/1.1" 200 265
"POST /graphql/ HTTP/1.1" 200 265
"POST /graphql/ HTTP/1.1" 200 265
"POST /graphql/ HTTP/1.1" 200 323
"POST /graphql/ HTTP/1.1" 200 755
"POST /graphql/ HTTP/1.1" 200 755
"POST /graphql/ HTTP/1.1" 200 102
"POST /graphql/ HTTP/1.1" 200 327
"POST /graphql/ HTTP/1.1" 200 474
"POST /graphql/ HTTP/1.1" 200 474
"POST /graphql/ HTTP/1.1" 200 540
"POST /graphql/ HTTP/1.1" 200 540
"POST /graphql/ HTTP/1.1" 200 540
"POST /graphql/ HTTP/1.1" 200 542
"POST /graphql/ HTTP/1.1" 200 542
"POST /graphql/ HTTP/1.1" 200 542
"POST /graphql/ HTTP/1.1" 200 663
"POST /graphql/ HTTP/1.1" 200 663
"POST /graphql/ HTTP/1.1" 200 474
"POST /graphql/ HTTP/1.1" 200 474
"POST /graphql/ HTTP/1.1" 200 33
"POST /graphql/ HTTP/1.1" 200 33
E:\Dev\Zee\SIMS_Backend\core\queries\core_queries.py changed, reloading.
Watching for file changes with StatReloader
"POST /graphql/ HTTP/1.1" 200 249
"POST /graphql/ HTTP/1.1" 200 167
"POST /graphql/ HTTP/1.1" 200 249
"POST /graphql/ HTTP/1.1" 200 249
"POST /graphql/ HTTP/1.1" 200 167
"POST /graphql/ HTTP/1.1" 200 167
"POST /graphql/ HTTP/1.1" 200 249
"POST /graphql/ HTTP/1.1" 200 249
"POST /graphql/ HTTP/1.1" 200 167
"POST /graphql/ HTTP/1.1" 200 167
"POST /graphql/ HTTP/1.1" 200 323
"POST /graphql/ HTTP/1.1" 200 271
"POST /graphql/ HTTP/1.1" 200 271
"POST /graphql/ HTTP/1.1" 200 446
"POST /graphql/ HTTP/1.1" 200 446
"POST /graphql/ HTTP/1.1" 200 33
"POST /graphql/ HTTP/1.1" 200 33
"POST /graphql/ HTTP/1.1" 200 540
"POST /graphql/ HTTP/1.1" 200 540
"POST /graphql/ HTTP/1.1" 200 540
"POST /graphql/ HTTP/1.1" 200 542
"POST /graphql/ HTTP/1.1" 200 542
"POST /graphql/ HTTP/1.1" 200 542
"POST /graphql/ HTTP/1.1" 200 663
"POST /graphql/ HTTP/1.1" 200 663
"POST /graphql/ HTTP/1.1" 200 249
"POST /graphql/ HTTP/1.1" 200 249
"POST /graphql/ HTTP/1.1" 200 167
"POST /graphql/ HTTP/1.1" 200 167
"POST /graphql/ HTTP/1.1" 200 540
"POST /graphql/ HTTP/1.1" 200 540
"POST /graphql/ HTTP/1.1" 200 540
"OPTIONS /graphql/ HTTP/1.1" 200 0
"OPTIONS /graphql/ HTTP/1.1" 200 0
"POST /graphql/ HTTP/1.1" 200 249
"POST /graphql/ HTTP/1.1" 200 249
"POST /graphql/ HTTP/1.1" 200 80
"POST /graphql/ HTTP/1.1" 200 80
"POST /graphql/ HTTP/1.1" 200 271
"POST /graphql/ HTTP/1.1" 200 271
"POST /graphql/ HTTP/1.1" 200 446
"POST /graphql/ HTTP/1.1" 200 446
"POST /graphql/ HTTP/1.1" 200 33
"POST /graphql/ HTTP/1.1" 200 33
"POST /graphql/ HTTP/1.1" 200 700
"POST /graphql/ HTTP/1.1" 200 700
"POST /graphql/ HTTP/1.1" 200 33
"POST /graphql/ HTTP/1.1" 200 33
"POST /graphql/ HTTP/1.1" 200 271
"POST /graphql/ HTTP/1.1" 200 271
"POST /graphql/ HTTP/1.1" 200 446
"POST /graphql/ HTTP/1.1" 200 446
"POST /graphql/ HTTP/1.1" 200 540
"POST /graphql/ HTTP/1.1" 200 540
"POST /graphql/ HTTP/1.1" 200 540
"POST /graphql/ HTTP/1.1" 200 271
"POST /graphql/ HTTP/1.1" 200 271
"POST /graphql/ HTTP/1.1" 200 446
"POST /graphql/ HTTP/1.1" 200 446
"POST /graphql/ HTTP/1.1" 200 327
"POST /graphql/ HTTP/1.1" 200 249
"POST /graphql/ HTTP/1.1" 200 249
"POST /graphql/ HTTP/1.1" 200 80
"POST /graphql/ HTTP/1.1" 200 80
"POST /graphql/ HTTP/1.1" 200 540
"POST /graphql/ HTTP/1.1" 200 540
"POST /graphql/ HTTP/1.1" 200 540
"POST /graphql/ HTTP/1.1" 200 249
"POST /graphql/ HTTP/1.1" 200 249
"POST /graphql/ HTTP/1.1" 200 80
"POST /graphql/ HTTP/1.1" 200 80
"POST /graphql/ HTTP/1.1" 200 540
"POST /graphql/ HTTP/1.1" 200 540
"POST /graphql/ HTTP/1.1" 200 540
"POST /graphql/ HTTP/1.1" 200 542
"POST /graphql/ HTTP/1.1" 200 542
"POST /graphql/ HTTP/1.1" 200 542
"POST /graphql/ HTTP/1.1" 200 104
"POST /graphql/ HTTP/1.1" 200 104
"POST /graphql/ HTTP/1.1" 200 61
"POST /graphql/ HTTP/1.1" 200 61
"POST /graphql/ HTTP/1.1" 200 249
"POST /graphql/ HTTP/1.1" 200 249
"POST /graphql/ HTTP/1.1" 200 80
"POST /graphql/ HTTP/1.1" 200 80
"POST /graphql/ HTTP/1.1" 200 249
"POST /graphql/ HTTP/1.1" 200 249
"POST /graphql/ HTTP/1.1" 200 80
"POST /graphql/ HTTP/1.1" 200 80
"POST /graphql/ HTTP/1.1" 200 249
"POST /graphql/ HTTP/1.1" 200 249
"POST /graphql/ HTTP/1.1" 200 80
"POST /graphql/ HTTP/1.1" 200 80
"POST /graphql/ HTTP/1.1" 200 159
"POST /graphql/ HTTP/1.1" 200 159
"POST /graphql/ HTTP/1.1" 200 448
"POST /graphql/ HTTP/1.1" 200 448
"POST /graphql/ HTTP/1.1" 200 90
"POST /graphql/ HTTP/1.1" 200 624
"POST /graphql/ HTTP/1.1" 200 90
"POST /graphql/ HTTP/1.1" 200 802
"POST /graphql/ HTTP/1.1" 200 540
"POST /graphql/ HTTP/1.1" 200 540
"POST /graphql/ HTTP/1.1" 200 540
"POST /graphql/ HTTP/1.1" 200 104
"POST /graphql/ HTTP/1.1" 200 104
"POST /graphql/ HTTP/1.1" 200 449
"POST /graphql/ HTTP/1.1" 200 449
"POST /graphql/ HTTP/1.1" 200 249
"POST /graphql/ HTTP/1.1" 200 249
"POST /graphql/ HTTP/1.1" 200 584
"POST /graphql/ HTTP/1.1" 200 584
"POST /graphql/ HTTP/1.1" 200 159
"POST /graphql/ HTTP/1.1" 200 159
"POST /graphql/ HTTP/1.1" 200 802
"POST /graphql/ HTTP/1.1" 200 802
"POST /graphql/ HTTP/1.1" 200 323
"POST /graphql/ HTTP/1.1" 200 271
"POST /graphql/ HTTP/1.1" 200 271
"POST /graphql/ HTTP/1.1" 200 446
"POST /graphql/ HTTP/1.1" 200 446
"POST /graphql/ HTTP/1.1" 200 33
"POST /graphql/ HTTP/1.1" 200 33
"POST /graphql/ HTTP/1.1" 200 271
"POST /graphql/ HTTP/1.1" 200 271
"POST /graphql/ HTTP/1.1" 200 446
"POST /graphql/ HTTP/1.1" 200 446
"POST /graphql/ HTTP/1.1" 200 33
"POST /graphql/ HTTP/1.1" 200 33
"POST /graphql/ HTTP/1.1" 200 540
"POST /graphql/ HTTP/1.1" 200 540
"POST /graphql/ HTTP/1.1" 200 540
"POST /graphql/ HTTP/1.1" 200 700
"POST /graphql/ HTTP/1.1" 200 700
"POST /graphql/ HTTP/1.1" 200 540
"POST /graphql/ HTTP/1.1" 200 540
"POST /graphql/ HTTP/1.1" 200 540
"POST /graphql/ HTTP/1.1" 200 33
"POST /graphql/ HTTP/1.1" 200 33
"POST /graphql/ HTTP/1.1" 200 540
"POST /graphql/ HTTP/1.1" 200 540
"POST /graphql/ HTTP/1.1" 200 540
"POST /graphql/ HTTP/1.1" 200 271
"POST /graphql/ HTTP/1.1" 200 271
"POST /graphql/ HTTP/1.1" 200 446
"POST /graphql/ HTTP/1.1" 200 446
"POST /graphql/ HTTP/1.1" 200 33
"POST /graphql/ HTTP/1.1" 200 33
"POST /graphql/ HTTP/1.1" 200 271
"POST /graphql/ HTTP/1.1" 200 271
"POST /graphql/ HTTP/1.1" 200 446
"POST /graphql/ HTTP/1.1" 200 446
"POST /graphql/ HTTP/1.1" 200 33
"POST /graphql/ HTTP/1.1" 200 33
"POST /graphql/ HTTP/1.1" 200 175
"POST /graphql/ HTTP/1.1" 200 1030
"POST /graphql/ HTTP/1.1" 200 540
"POST /graphql/ HTTP/1.1" 200 540
"POST /graphql/ HTTP/1.1" 200 540
"POST /graphql/ HTTP/1.1" 200 175
"POST /graphql/ HTTP/1.1" 200 175
"POST /graphql/ HTTP/1.1" 200 1030
"POST /graphql/ HTTP/1.1" 200 1030
"POST /graphql/ HTTP/1.1" 200 271
"POST /graphql/ HTTP/1.1" 200 271
"POST /graphql/ HTTP/1.1" 200 446
"POST /graphql/ HTTP/1.1" 200 446
"POST /graphql/ HTTP/1.1" 200 175
"POST /graphql/ HTTP/1.1" 200 175
"POST /graphql/ HTTP/1.1" 200 1030
"POST /graphql/ HTTP/1.1" 200 1030
"POST /graphql/ HTTP/1.1" 200 189
"POST /graphql/ HTTP/1.1" 200 1436
"POST /graphql/ HTTP/1.1" 200 190
"POST /graphql/ HTTP/1.1" 200 1845
"POST /graphql/ HTTP/1.1" 200 191
"POST /graphql/ HTTP/1.1" 200 2256
"POST /graphql/ HTTP/1.1" 200 175
"POST /graphql/ HTTP/1.1" 200 2256
"POST /graphql/ HTTP/1.1" 200 175
"POST /graphql/ HTTP/1.1" 200 2256
"POST /graphql/ HTTP/1.1" 200 191
"POST /graphql/ HTTP/1.1" 200 2255
"POST /graphql/ HTTP/1.1" 200 175
"POST /graphql/ HTTP/1.1" 200 2255
"POST /graphql/ HTTP/1.1" 200 249
"POST /graphql/ HTTP/1.1" 200 249
"POST /graphql/ HTTP/1.1" 200 584
"POST /graphql/ HTTP/1.1" 200 584
"POST /graphql/ HTTP/1.1" 200 159
"POST /graphql/ HTTP/1.1" 200 159
"POST /graphql/ HTTP/1.1" 200 802
"POST /graphql/ HTTP/1.1" 200 802
"POST /graphql/ HTTP/1.1" 200 249
"POST /graphql/ HTTP/1.1" 200 249
"POST /graphql/ HTTP/1.1" 200 584
"POST /graphql/ HTTP/1.1" 200 584
"POST /graphql/ HTTP/1.1" 200 175
"POST /graphql/ HTTP/1.1" 200 2255
"POST /graphql/ HTTP/1.1" 200 159
"POST /graphql/ HTTP/1.1" 200 159
"POST /graphql/ HTTP/1.1" 200 1902
"POST /graphql/ HTTP/1.1" 200 1902
"POST /graphql/ HTTP/1.1" 200 249
"POST /graphql/ HTTP/1.1" 200 249
"POST /graphql/ HTTP/1.1" 200 584
"POST /graphql/ HTTP/1.1" 200 584
"POST /graphql/ HTTP/1.1" 200 271
"POST /graphql/ HTTP/1.1" 200 271
"POST /graphql/ HTTP/1.1" 200 446
"POST /graphql/ HTTP/1.1" 200 446
"POST /graphql/ HTTP/1.1" 200 500
"POST /graphql/ HTTP/1.1" 200 500
"POST /graphql/ HTTP/1.1" 200 327
"POST /graphql/ HTTP/1.1" 200 249
"POST /graphql/ HTTP/1.1" 200 249
"POST /graphql/ HTTP/1.1" 200 584
"POST /graphql/ HTTP/1.1" 200 584
"POST /graphql/ HTTP/1.1" 200 159
"POST /graphql/ HTTP/1.1" 200 159
"POST /graphql/ HTTP/1.1" 200 2046
"POST /graphql/ HTTP/1.1" 200 2046
"POST /graphql/ HTTP/1.1" 200 540
"POST /graphql/ HTTP/1.1" 200 540
"POST /graphql/ HTTP/1.1" 200 540
"POST /graphql/ HTTP/1.1" 200 159
"POST /graphql/ HTTP/1.1" 200 159
"POST /graphql/ HTTP/1.1" 200 2046
"POST /graphql/ HTTP/1.1" 200 2046
"POST /graphql/ HTTP/1.1" 200 249
"POST /graphql/ HTTP/1.1" 200 249
"POST /graphql/ HTTP/1.1" 200 584
"POST /graphql/ HTTP/1.1" 200 584
"POST /graphql/ HTTP/1.1" 200 159
"POST /graphql/ HTTP/1.1" 200 159
"POST /graphql/ HTTP/1.1" 200 2046
"POST /graphql/ HTTP/1.1" 200 2046
"POST /graphql/ HTTP/1.1" 200 271
"POST /graphql/ HTTP/1.1" 200 271
"POST /graphql/ HTTP/1.1" 200 446
"POST /graphql/ HTTP/1.1" 200 446
"POST /graphql/ HTTP/1.1" 200 175
"POST /graphql/ HTTP/1.1" 200 175
"POST /graphql/ HTTP/1.1" 200 2255
"POST /graphql/ HTTP/1.1" 200 2255
E:\Dev\Zee\SIMS_Backend\academics\schema\academics_schema.py changed, reloading.
Watching for file changes with StatReloader
"POST /graphql/ HTTP/1.1" 200 159
"POST /graphql/ HTTP/1.1" 200 2065
E:\Dev\Zee\SIMS_Backend\sims_backend\urls.py changed, reloading.
Watching for file changes with StatReloader
"OPTIONS /api/upload/ HTTP/1.1" 200 0
"POST /api/upload/ HTTP/1.1" 200 237
"OPTIONS /graphql/ HTTP/1.1" 200 0
"POST /graphql/ HTTP/1.1" 200 433
"POST /graphql/ HTTP/1.1" 200 2436
"POST /graphql/ HTTP/1.1" 200 249
"POST /graphql/ HTTP/1.1" 200 249
"POST /graphql/ HTTP/1.1" 200 584
"POST /graphql/ HTTP/1.1" 200 584
"POST /graphql/ HTTP/1.1" 200 323
"POST /graphql/ HTTP/1.1" 200 271
"POST /graphql/ HTTP/1.1" 200 271
"POST /graphql/ HTTP/1.1" 200 446
"POST /graphql/ HTTP/1.1" 200 446
"POST /graphql/ HTTP/1.1" 200 175
"POST /graphql/ HTTP/1.1" 200 175
"POST /graphql/ HTTP/1.1" 200 2255
"POST /graphql/ HTTP/1.1" 200 2255
"POST /graphql/ HTTP/1.1" 200 175
"POST /graphql/ HTTP/1.1" 200 175
"POST /graphql/ HTTP/1.1" 200 2255
"POST /graphql/ HTTP/1.1" 200 2255
"POST /graphql/ HTTP/1.1" 200 271
"POST /graphql/ HTTP/1.1" 200 271
"POST /graphql/ HTTP/1.1" 200 446
"POST /graphql/ HTTP/1.1" 200 446
"POST /graphql/ HTTP/1.1" 200 123
"POST /graphql/ HTTP/1.1" 200 123
"POST /graphql/ HTTP/1.1" 200 841
"POST /graphql/ HTTP/1.1" 200 841
"POST /graphql/ HTTP/1.1" 200 929
"POST /graphql/ HTTP/1.1" 200 497
"POST /graphql/ HTTP/1.1" 200 210
"POST /graphql/ HTTP/1.1" 200 346
"POST /graphql/ HTTP/1.1" 200 929
"POST /graphql/ HTTP/1.1" 200 249
"POST /graphql/ HTTP/1.1" 200 249
"POST /graphql/ HTTP/1.1" 200 584
"POST /graphql/ HTTP/1.1" 200 584
"POST /graphql/ HTTP/1.1" 200 129
"POST /graphql/ HTTP/1.1" 200 129
"POST /graphql/ HTTP/1.1" 200 129
"POST /graphql/ HTTP/1.1" 200 129
"POST /graphql/ HTTP/1.1" 200 129
"POST /graphql/ HTTP/1.1" 200 129
"POST /graphql/ HTTP/1.1" 200 129
"POST /graphql/ HTTP/1.1" 200 129
"POST /graphql/ HTTP/1.1" 200 129
"POST /graphql/ HTTP/1.1" 200 919
"POST /graphql/ HTTP/1.1" 200 919
E:\Dev\Zee\SIMS_Backend\academics\mutations\academics_mutations.py changed, reloading.
Watching for file changes with StatReloader
"POST /graphql/ HTTP/1.1" 200 123
"POST /graphql/ HTTP/1.1" 200 841
"POST /graphql/ HTTP/1.1" 200 929
"POST /graphql/ HTTP/1.1" 200 449
"POST /graphql/ HTTP/1.1" 200 449
"POST /graphql/ HTTP/1.1" 200 346
"POST /graphql/ HTTP/1.1" 200 1296
"POST /graphql/ HTTP/1.1" 200 271
"POST /graphql/ HTTP/1.1" 200 271
"POST /graphql/ HTTP/1.1" 200 446
"POST /graphql/ HTTP/1.1" 200 446
"POST /graphql/ HTTP/1.1" 200 102
"POST /graphql/ HTTP/1.1" 200 327
"POST /graphql/ HTTP/1.1" 200 249
"POST /graphql/ HTTP/1.1" 200 249
"POST /graphql/ HTTP/1.1" 200 831
"POST /graphql/ HTTP/1.1" 200 831
"POST /graphql/ HTTP/1.1" 200 249
"POST /graphql/ HTTP/1.1" 200 249
"POST /graphql/ HTTP/1.1" 200 831
"POST /graphql/ HTTP/1.1" 200 831
"POST /graphql/ HTTP/1.1" 200 129
"POST /graphql/ HTTP/1.1" 200 129
"POST /graphql/ HTTP/1.1" 200 1336
"POST /graphql/ HTTP/1.1" 200 919
"POST /graphql/ HTTP/1.1" 200 129
"POST /graphql/ HTTP/1.1" 200 129
"POST /graphql/ HTTP/1.1" 200 1336
"POST /graphql/ HTTP/1.1" 200 249
"POST /graphql/ HTTP/1.1" 200 249
"POST /graphql/ HTTP/1.1" 200 831
"POST /graphql/ HTTP/1.1" 200 831
"POST /graphql/ HTTP/1.1" 200 271
"POST /graphql/ HTTP/1.1" 200 271
"POST /graphql/ HTTP/1.1" 200 446
"POST /graphql/ HTTP/1.1" 200 446
"POST /graphql/ HTTP/1.1" 200 123
"POST /graphql/ HTTP/1.1" 200 123
"POST /graphql/ HTTP/1.1" 200 841
"POST /graphql/ HTTP/1.1" 200 841
"POST /graphql/ HTTP/1.1" 200 1296
"POST /graphql/ HTTP/1.1" 200 271
"POST /graphql/ HTTP/1.1" 200 271
"POST /graphql/ HTTP/1.1" 200 446
"POST /graphql/ HTTP/1.1" 200 446
"POST /graphql/ HTTP/1.1" 200 175
"POST /graphql/ HTTP/1.1" 200 175
"POST /graphql/ HTTP/1.1" 200 2255
"POST /graphql/ HTTP/1.1" 200 2255
"POST /graphql/ HTTP/1.1" 200 271
"POST /graphql/ HTTP/1.1" 200 271
"POST /graphql/ HTTP/1.1" 200 446
"POST /graphql/ HTTP/1.1" 200 446
"POST /graphql/ HTTP/1.1" 200 824
"POST /graphql/ HTTP/1.1" 200 824
"POST /graphql/ HTTP/1.1" 200 1282
"POST /graphql/ HTTP/1.1" 200 1282
"POST /graphql/ HTTP/1.1" 200 1282
"POST /graphql/ HTTP/1.1" 200 787
"POST /graphql/ HTTP/1.1" 200 271
"POST /graphql/ HTTP/1.1" 200 839
"POST /graphql/ HTTP/1.1" 200 123
"POST /graphql/ HTTP/1.1" 200 123
"POST /graphql/ HTTP/1.1" 200 841
"POST /graphql/ HTTP/1.1" 200 841
"POST /graphql/ HTTP/1.1" 200 1296
"POST /graphql/ HTTP/1.1" 200 271
"POST /graphql/ HTTP/1.1" 200 271
"POST /graphql/ HTTP/1.1" 200 839
"POST /graphql/ HTTP/1.1" 200 839
"POST /graphql/ HTTP/1.1" 200 265
"POST /graphql/ HTTP/1.1" 200 265
"POST /graphql/ HTTP/1.1" 200 1914
"POST /graphql/ HTTP/1.1" 200 1914
"POST /graphql/ HTTP/1.1" 200 1282
"POST /graphql/ HTTP/1.1" 200 1282
"POST /graphql/ HTTP/1.1" 200 787
"POST /graphql/ HTTP/1.1" 200 383
"POST /graphql/ HTTP/1.1" 200 383
"POST /graphql/ HTTP/1.1" 200 1282
"POST /graphql/ HTTP/1.1" 200 1282
"POST /graphql/ HTTP/1.1" 200 787
"POST /graphql/ HTTP/1.1" 200 1282
"POST /graphql/ HTTP/1.1" 200 1282
"POST /graphql/ HTTP/1.1" 200 787
"POST /graphql/ HTTP/1.1" 200 1282
"POST /graphql/ HTTP/1.1" 200 1282
"POST /graphql/ HTTP/1.1" 200 787
"POST /graphql/ HTTP/1.1" 200 1282
E:\Dev\Zee\SIMS_Backend\academics\schema\academics_schema.py changed, reloading.
Watching for file changes with StatReloader
"POST /graphql/ HTTP/1.1" 200 930
"POST /graphql/ HTTP/1.1" 200 930
"POST /graphql/ HTTP/1.1" 200 930
"POST /graphql/ HTTP/1.1" 200 930
"POST /graphql/ HTTP/1.1" 200 930
"POST /graphql/ HTTP/1.1" 200 255
"POST /graphql/ HTTP/1.1" 200 1337
"POST /graphql/ HTTP/1.1" 200 255
"POST /graphql/ HTTP/1.1" 200 1746
"POST /graphql/ HTTP/1.1" 200 1746
"POST /graphql/ HTTP/1.1" 200 930
"POST /graphql/ HTTP/1.1" 200 1746
"POST /graphql/ HTTP/1.1" 200 89
"POST /graphql/ HTTP/1.1" 200 1746
"POST /graphql/ HTTP/1.1" 200 73
"POST /graphql/ HTTP/1.1" 200 73
"POST /graphql/ HTTP/1.1" 200 1356
"POST /graphql/ HTTP/1.1" 200 540
"POST /graphql/ HTTP/1.1" 200 249
"POST /graphql/ HTTP/1.1" 200 249
"POST /graphql/ HTTP/1.1" 200 831
"POST /graphql/ HTTP/1.1" 200 831
"POST /graphql/ HTTP/1.1" 200 100
"POST /graphql/ HTTP/1.1" 200 100
"POST /graphql/ HTTP/1.1" 200 1356
"POST /graphql/ HTTP/1.1" 200 1356
"POST /graphql/ HTTP/1.1" 200 540
"POST /graphql/ HTTP/1.1" 200 1356
"POST /graphql/ HTTP/1.1" 200 100
"POST /graphql/ HTTP/1.1" 200 1356
"POST /graphql/ HTTP/1.1" 200 540
"POST /graphql/ HTTP/1.1" 200 1356
"POST /graphql/ HTTP/1.1" 200 100
"POST /graphql/ HTTP/1.1" 200 1356
"POST /graphql/ HTTP/1.1" 200 100
"POST /graphql/ HTTP/1.1" 200 1356
"POST /graphql/ HTTP/1.1" 200 540
"POST /graphql/ HTTP/1.1" 200 1356
E:\Dev\Zee\SIMS_Backend\academics\mutations\academics_mutations.py changed, reloading.
Watching for file changes with StatReloader
"OPTIONS /graphql/ HTTP/1.1" 200 0
"OPTIONS /graphql/ HTTP/1.1" 200 0
"OPTIONS /graphql/ HTTP/1.1" 200 0
"OPTIONS /graphql/ HTTP/1.1" 200 0
"POST /graphql/ HTTP/1.1" 200 117
"POST /graphql/ HTTP/1.1" 200 1356
"POST /graphql/ HTTP/1.1" 200 117
"POST /graphql/ HTTP/1.1" 200 1356
"POST /graphql/ HTTP/1.1" 200 540
"POST /graphql/ HTTP/1.1" 200 540
"POST /graphql/ HTTP/1.1" 200 1746
"POST /graphql/ HTTP/1.1" 200 930
"POST /graphql/ HTTP/1.1" 200 1356
"POST /graphql/ HTTP/1.1" 200 1746
"POST /graphql/ HTTP/1.1" 200 1356
E:\Dev\Zee\SIMS_Backend\core\models\core_models.py changed, reloading.
Watching for file changes with StatReloader
E:\Dev\Zee\SIMS_Backend\core\models\core_models.py changed, reloading.
Watching for file changes with StatReloader
E:\Dev\Zee\SIMS_Backend\core\schema\core_schema.py changed, reloading.
Watching for file changes with StatReloader
E:\Dev\Zee\SIMS_Backend\core\queries\core_queries.py changed, reloading.
Watching for file changes with StatReloader
E:\Dev\Zee\SIMS_Backend\core\mutations\core_mutations.py changed, reloading.
Watching for file changes with StatReloader
"POST /graphql/ HTTP/1.1" 200 249
"POST /graphql/ HTTP/1.1" 200 249
"POST /graphql/ HTTP/1.1" 200 831
"POST /graphql/ HTTP/1.1" 200 831
"POST /graphql/ HTTP/1.1" 200 117
"POST /graphql/ HTTP/1.1" 200 1356
"POST /graphql/ HTTP/1.1" 200 117
"POST /graphql/ HTTP/1.1" 200 1356
"POST /graphql/ HTTP/1.1" 200 540
"POST /graphql/ HTTP/1.1" 200 117
"POST /graphql/ HTTP/1.1" 200 249
"POST /graphql/ HTTP/1.1" 200 117
"POST /graphql/ HTTP/1.1" 200 249
"POST /graphql/ HTTP/1.1" 200 1356
"POST /graphql/ HTTP/1.1" 200 1356
"POST /graphql/ HTTP/1.1" 200 831
"POST /graphql/ HTTP/1.1" 200 831
"POST /graphql/ HTTP/1.1" 200 540
"POST /graphql/ HTTP/1.1" 200 75
"POST /graphql/ HTTP/1.1" 200 75
"POST /graphql/ HTTP/1.1" 200 153
"POST /graphql/ HTTP/1.1" 200 553
"POST /graphql/ HTTP/1.1" 200 553
"POST /graphql/ HTTP/1.1" 200 129
"POST /graphql/ HTTP/1.1" 200 129
"POST /graphql/ HTTP/1.1" 200 1336
"POST /graphql/ HTTP/1.1" 200 75
"POST /graphql/ HTTP/1.1" 200 75
"POST /graphql/ HTTP/1.1" 200 153
"POST /graphql/ HTTP/1.1" 200 553
"POST /graphql/ HTTP/1.1" 200 553
E:\Dev\Zee\SIMS_Backend\core\queries\core_queries.py changed, reloading.
Watching for file changes with StatReloader
E:\Dev\Zee\SIMS_Backend\core\queries\core_queries.py changed, reloading.
Watching for file changes with StatReloader
"POST /graphql/ HTTP/1.1" 200 319
"POST /graphql/ HTTP/1.1" 200 265
"POST /graphql/ HTTP/1.1" 200 265
"POST /graphql/ HTTP/1.1" 200 102
"POST /graphql/ HTTP/1.1" 200 323
"POST /graphql/ HTTP/1.1" 200 271
"POST /graphql/ HTTP/1.1" 200 271
"POST /graphql/ HTTP/1.1" 200 839
"POST /graphql/ HTTP/1.1" 200 839
"POST /graphql/ HTTP/1.1" 200 271
"POST /graphql/ HTTP/1.1" 200 271
"POST /graphql/ HTTP/1.1" 200 839
"POST /graphql/ HTTP/1.1" 200 839
"POST /graphql/ HTTP/1.1" 200 73
"POST /graphql/ HTTP/1.1" 200 28
"POST /graphql/ HTTP/1.1" 200 73
"POST /graphql/ HTTP/1.1" 200 28
"POST /graphql/ HTTP/1.1" 200 902
"POST /graphql/ HTTP/1.1" 200 173
"POST /graphql/ HTTP/1.1" 200 36
"POST /graphql/ HTTP/1.1" 200 217
"POST /graphql/ HTTP/1.1" 200 43
"POST /graphql/ HTTP/1.1" 200 173
"POST /graphql/ HTTP/1.1" 200 271
"POST /graphql/ HTTP/1.1" 200 271
"POST /graphql/ HTTP/1.1" 200 839
"POST /graphql/ HTTP/1.1" 200 839
"POST /graphql/ HTTP/1.1" 200 271
"POST /graphql/ HTTP/1.1" 200 271
"POST /graphql/ HTTP/1.1" 200 839
"POST /graphql/ HTTP/1.1" 200 839
"POST /graphql/ HTTP/1.1" 200 319
"POST /graphql/ HTTP/1.1" 200 489
"POST /graphql/ HTTP/1.1" 200 489
"POST /graphql/ HTTP/1.1" 200 323
"POST /graphql/ HTTP/1.1" 200 271
"POST /graphql/ HTTP/1.1" 200 271
"POST /graphql/ HTTP/1.1" 200 839
"POST /graphql/ HTTP/1.1" 200 839
"POST /graphql/ HTTP/1.1" 200 327
"POST /graphql/ HTTP/1.1" 200 249
"POST /graphql/ HTTP/1.1" 200 249
"POST /graphql/ HTTP/1.1" 200 831
"POST /graphql/ HTTP/1.1" 200 831
"POST /graphql/ HTTP/1.1" 200 73
"POST /graphql/ HTTP/1.1" 200 372
"POST /graphql/ HTTP/1.1" 200 73
"POST /graphql/ HTTP/1.1" 200 372
"POST /graphql/ HTTP/1.1" 200 902
"POST /graphql/ HTTP/1.1" 200 73
"POST /graphql/ HTTP/1.1" 200 372
"POST /graphql/ HTTP/1.1" 200 902
"POST /graphql/ HTTP/1.1" 200 154
"POST /graphql/ HTTP/1.1" 200 154
"POST /graphql/ HTTP/1.1" 200 154
"POST /graphql/ HTTP/1.1" 200 154
"POST /graphql/ HTTP/1.1" 200 154
Watching for file changes with StatReloader
"OPTIONS /graphql/ HTTP/1.1" 200 0
"POST /graphql/ HTTP/1.1" 200 323
"POST /graphql/ HTTP/1.1" 200 271
"POST /graphql/ HTTP/1.1" 200 271
"POST /graphql/ HTTP/1.1" 200 839
"POST /graphql/ HTTP/1.1" 200 839
"POST /graphql/ HTTP/1.1" 200 175
"POST /graphql/ HTTP/1.1" 200 175
"POST /graphql/ HTTP/1.1" 200 2319
"POST /graphql/ HTTP/1.1" 200 2319
"POST /graphql/ HTTP/1.1" 200 123
"POST /graphql/ HTTP/1.1" 200 123
"POST /graphql/ HTTP/1.1" 200 841
"POST /graphql/ HTTP/1.1" 200 841
"POST /graphql/ HTTP/1.1" 200 1296
"POST /graphql/ HTTP/1.1" 200 346
"POST /graphql/ HTTP/1.1" 200 1296
"POST /graphql/ HTTP/1.1" 200 346
"POST /graphql/ HTTP/1.1" 200 1296
"POST /graphql/ HTTP/1.1" 200 346
"POST /graphql/ HTTP/1.1" 200 1296
"POST /graphql/ HTTP/1.1" 200 346
E:\Dev\Zee\SIMS_Backend\core\models\core_models.py changed, reloading.
Watching for file changes with StatReloader
E:\Dev\Zee\SIMS_Backend\core\queries\core_queries.py changed, reloading.
Watching for file changes with StatReloader
E:\Dev\Zee\SIMS_Backend\core\queries\core_queries.py changed, reloading.
Watching for file changes with StatReloader
E:\Dev\Zee\SIMS_Backend\sims_backend\schema.py changed, reloading.
Watching for file changes with StatReloader
E:\Dev\Zee\SIMS_Backend\core\mutations\biometric_mutations.py changed, reloading.
Watching for file changes with StatReloader
E:\Dev\Zee\SIMS_Backend\core\mutations\biometric_mutations.py changed, reloading.
Watching for file changes with StatReloader
E:\Dev\Zee\SIMS_Backend\core\mutations\biometric_mutations.py changed, reloading.
Watching for file changes with StatReloader
E:\Dev\Zee\SIMS_Backend\core\mutations\biometric_mutations.py changed, reloading.
Watching for file changes with StatReloader
"POST /graphql/ HTTP/1.1" 200 323
"POST /graphql/ HTTP/1.1" 200 271
"POST /graphql/ HTTP/1.1" 200 271
"POST /graphql/ HTTP/1.1" 200 839
"POST /graphql/ HTTP/1.1" 200 839
"POST /graphql/ HTTP/1.1" 200 71
"POST /graphql/ HTTP/1.1" 200 73
"POST /graphql/ HTTP/1.1" 200 71
"POST /graphql/ HTTP/1.1" 200 1257
"POST /graphql/ HTTP/1.1" 200 73
"POST /graphql/ HTTP/1.1" 200 1257
"POST /graphql/ HTTP/1.1" 200 902
"POST /graphql/ HTTP/1.1" 200 319
"POST /graphql/ HTTP/1.1" 200 1059
"POST /graphql/ HTTP/1.1" 200 1059
"POST /graphql/ HTTP/1.1" 200 255
"POST /graphql/ HTTP/1.1" 200 255
"POST /graphql/ HTTP/1.1" 200 201
"POST /graphql/ HTTP/1.1" 200 201
"POST /graphql/ HTTP/1.1" 200 71
"POST /graphql/ HTTP/1.1" 200 71
"POST /graphql/ HTTP/1.1" 200 71
"POST /graphql/ HTTP/1.1" 200 71
E:\Dev\Zee\SIMS_Backend\core\models\core_models.py changed, reloading.
Watching for file changes with StatReloader
E:\Dev\Zee\SIMS_Backend\core\schema\biometric_schema.py changed, reloading.
Watching for file changes with StatReloader
E:\Dev\Zee\SIMS_Backend\core\queries\core_queries.py changed, reloading.
Watching for file changes with StatReloader
E:\Dev\Zee\SIMS_Backend\core\queries\core_queries.py changed, reloading.
Watching for file changes with StatReloader
E:\Dev\Zee\SIMS_Backend\core\mutations\biometric_mutations.py changed, reloading.
Watching for file changes with StatReloader
E:\Dev\Zee\SIMS_Backend\core\mutations\biometric_mutations.py changed, reloading.
Watching for file changes with StatReloader
Watching for file changes with StatReloader
"POST /graphql/ HTTP/1.1" 200 319
"POST /graphql/ HTTP/1.1" 200 1059
"POST /graphql/ HTTP/1.1" 200 1059
"OPTIONS /graphql/ HTTP/1.1" 200 0
"POST /graphql/ HTTP/1.1" 200 323
"POST /graphql/ HTTP/1.1" 200 271
"POST /graphql/ HTTP/1.1" 200 271
"POST /graphql/ HTTP/1.1" 200 839
"POST /graphql/ HTTP/1.1" 200 839
"POST /graphql/ HTTP/1.1" 200 71
"POST /graphql/ HTTP/1.1" 200 73
"POST /graphql/ HTTP/1.1" 200 71
"POST /graphql/ HTTP/1.1" 200 73
"POST /graphql/ HTTP/1.1" 200 1257
"POST /graphql/ HTTP/1.1" 200 1257
"POST /graphql/ HTTP/1.1" 200 902
"POST /graphql/ HTTP/1.1" 200 313
"POST /graphql/ HTTP/1.1" 200 313
"POST /graphql/ HTTP/1.1" 200 96
"POST /graphql/ HTTP/1.1" 200 70
"POST /graphql/ HTTP/1.1" 200 904
"POST /graphql/ HTTP/1.1" 200 73
"POST /graphql/ HTTP/1.1" 200 70
"POST /graphql/ HTTP/1.1" 200 70
"POST /graphql/ HTTP/1.1" 200 73
"POST /graphql/ HTTP/1.1" 200 1257
"POST /graphql/ HTTP/1.1" 200 902
"POST /graphql/ HTTP/1.1" 200 1257
"POST /graphql/ HTTP/1.1" 200 73
"POST /graphql/ HTTP/1.1" 200 70
"POST /graphql/ HTTP/1.1" 200 1257
"POST /graphql/ HTTP/1.1" 200 73
"POST /graphql/ HTTP/1.1" 200 70
"POST /graphql/ HTTP/1.1" 200 1257
"POST /graphql/ HTTP/1.1" 200 902
"POST /graphql/ HTTP/1.1" 200 173
"POST /graphql/ HTTP/1.1" 200 312
"POST /graphql/ HTTP/1.1" 200 312
"POST /graphql/ HTTP/1.1" 200 904
"POST /graphql/ HTTP/1.1" 200 904
"POST /graphql/ HTTP/1.1" 200 904
"POST /graphql/ HTTP/1.1" 200 115
"POST /graphql/ HTTP/1.1" 200 69
"POST /graphql/ HTTP/1.1" 200 73
"POST /graphql/ HTTP/1.1" 200 69
"POST /graphql/ HTTP/1.1" 200 73
"POST /graphql/ HTTP/1.1" 200 69
"POST /graphql/ HTTP/1.1" 200 1428
"POST /graphql/ HTTP/1.1" 200 1428
"POST /graphql/ HTTP/1.1" 200 902
"POST /graphql/ HTTP/1.1" 200 311
"POST /graphql/ HTTP/1.1" 200 189
"POST /graphql/ HTTP/1.1" 200 69
"POST /graphql/ HTTP/1.1" 200 73
"POST /graphql/ HTTP/1.1" 200 69
"POST /graphql/ HTTP/1.1" 200 1604
"POST /graphql/ HTTP/1.1" 200 73
"POST /graphql/ HTTP/1.1" 200 1604
"POST /graphql/ HTTP/1.1" 200 902
"POST /graphql/ HTTP/1.1" 200 69
"POST /graphql/ HTTP/1.1" 200 1604
"POST /graphql/ HTTP/1.1" 200 73
"POST /graphql/ HTTP/1.1" 200 73
"POST /graphql/ HTTP/1.1" 200 69
"POST /graphql/ HTTP/1.1" 200 1604
"POST /graphql/ HTTP/1.1" 200 902
"POST /graphql/ HTTP/1.1" 200 319
"POST /graphql/ HTTP/1.1" 200 1286
"POST /graphql/ HTTP/1.1" 200 1286
"POST /graphql/ HTTP/1.1" 200 201
"POST /graphql/ HTTP/1.1" 200 255
"POST /graphql/ HTTP/1.1" 200 201
"POST /graphql/ HTTP/1.1" 200 69
"POST /graphql/ HTTP/1.1" 200 255
"POST /graphql/ HTTP/1.1" 200 71
"POST /graphql/ HTTP/1.1" 200 71
"POST /graphql/ HTTP/1.1" 200 69
"POST /graphql/ HTTP/1.1" 200 255
"POST /graphql/ HTTP/1.1" 200 255
"POST /graphql/ HTTP/1.1" 200 201
"POST /graphql/ HTTP/1.1" 200 201
"POST /graphql/ HTTP/1.1" 200 71
"POST /graphql/ HTTP/1.1" 200 69
"POST /graphql/ HTTP/1.1" 200 71
"POST /graphql/ HTTP/1.1" 200 69
"POST /graphql/ HTTP/1.1" 200 904
"POST /graphql/ HTTP/1.1" 200 235
"POST /graphql/ HTTP/1.1" 200 728
"POST /graphql/ HTTP/1.1" 200 728
"POST /graphql/ HTTP/1.1" 200 235
E:\Dev\Zee\SIMS_Backend\core\models\core_models.py changed, reloading.
Watching for file changes with StatReloader
E:\Dev\Zee\SIMS_Backend\core\mutations\core_mutations.py changed, reloading.
Watching for file changes with StatReloader
"POST /graphql/ HTTP/1.1" 200 728
"POST /graphql/ HTTP/1.1" 200 297
"POST /graphql/ HTTP/1.1" 200 880
E:\Dev\Zee\SIMS_Backend\core\models\core_models.py changed, reloading.
Watching for file changes with StatReloader
"POST /graphql/ HTTP/1.1" 200 728
"POST /graphql/ HTTP/1.1" 200 297
"POST /graphql/ HTTP/1.1" 200 880
"POST /graphql/ HTTP/1.1" 200 110
"POST /graphql/ HTTP/1.1" 200 110
"POST /graphql/ HTTP/1.1" 200 112
"POST /graphql/ HTTP/1.1" 200 111
"POST /graphql/ HTTP/1.1" 200 201
"POST /graphql/ HTTP/1.1" 200 255
"POST /graphql/ HTTP/1.1" 200 255
"POST /graphql/ HTTP/1.1" 200 69
"POST /graphql/ HTTP/1.1" 200 71
"POST /graphql/ HTTP/1.1" 200 201
"POST /graphql/ HTTP/1.1" 200 69
"POST /graphql/ HTTP/1.1" 200 71
"POST /graphql/ HTTP/1.1" 200 323
"POST /graphql/ HTTP/1.1" 200 271
"POST /graphql/ HTTP/1.1" 200 271
"POST /graphql/ HTTP/1.1" 200 839
"POST /graphql/ HTTP/1.1" 200 839
"POST /graphql/ HTTP/1.1" 200 69
"POST /graphql/ HTTP/1.1" 200 73
"POST /graphql/ HTTP/1.1" 200 69
"POST /graphql/ HTTP/1.1" 200 1604
"POST /graphql/ HTTP/1.1" 200 73
"POST /graphql/ HTTP/1.1" 200 902
"POST /graphql/ HTTP/1.1" 200 1604
"POST /graphql/ HTTP/1.1" 200 73
"POST /graphql/ HTTP/1.1" 200 902
"POST /graphql/ HTTP/1.1" 200 43
"POST /graphql/ HTTP/1.1" 200 217
"POST /graphql/ HTTP/1.1" 200 36
"POST /graphql/ HTTP/1.1" 200 323
"POST /graphql/ HTTP/1.1" 200 271
"POST /graphql/ HTTP/1.1" 200 271
"POST /graphql/ HTTP/1.1" 200 839
"POST /graphql/ HTTP/1.1" 200 839
"POST /graphql/ HTTP/1.1" 200 73
"POST /graphql/ HTTP/1.1" 200 73
"POST /graphql/ HTTP/1.1" 200 902
"POST /graphql/ HTTP/1.1" 200 36
"POST /graphql/ HTTP/1.1" 200 43
"POST /graphql/ HTTP/1.1" 200 217
"POST /graphql/ HTTP/1.1" 200 218
"POST /graphql/ HTTP/1.1" 200 36
"POST /graphql/ HTTP/1.1" 200 319
"POST /graphql/ HTTP/1.1" 200 1286
"POST /graphql/ HTTP/1.1" 200 1286
"POST /graphql/ HTTP/1.1" 200 255
"POST /graphql/ HTTP/1.1" 200 201
"POST /graphql/ HTTP/1.1" 200 255
"POST /graphql/ HTTP/1.1" 200 69
"POST /graphql/ HTTP/1.1" 200 71
"POST /graphql/ HTTP/1.1" 200 201
"POST /graphql/ HTTP/1.1" 200 71
"POST /graphql/ HTTP/1.1" 200 69
"POST /graphql/ HTTP/1.1" 200 728
"POST /graphql/ HTTP/1.1" 200 728
"POST /graphql/ HTTP/1.1" 200 201
"POST /graphql/ HTTP/1.1" 200 255
"POST /graphql/ HTTP/1.1" 200 201
"POST /graphql/ HTTP/1.1" 200 255
"POST /graphql/ HTTP/1.1" 200 71
"POST /graphql/ HTTP/1.1" 200 69
"POST /graphql/ HTTP/1.1" 200 71
"POST /graphql/ HTTP/1.1" 200 69
"POST /graphql/ HTTP/1.1" 200 728
"POST /graphql/ HTTP/1.1" 200 728
"POST /graphql/ HTTP/1.1" 200 880
"POST /graphql/ HTTP/1.1" 200 112
"POST /graphql/ HTTP/1.1" 200 110
"POST /graphql/ HTTP/1.1" 200 111
"POST /graphql/ HTTP/1.1" 200 728
"POST /graphql/ HTTP/1.1" 200 728
"POST /graphql/ HTTP/1.1" 200 728
"POST /graphql/ HTTP/1.1" 200 235
"POST /graphql/ HTTP/1.1" 200 255
"POST /graphql/ HTTP/1.1" 200 201
"POST /graphql/ HTTP/1.1" 200 255
"POST /graphql/ HTTP/1.1" 200 71
"POST /graphql/ HTTP/1.1" 200 201
"POST /graphql/ HTTP/1.1" 200 69
"POST /graphql/ HTTP/1.1" 200 69
"POST /graphql/ HTTP/1.1" 200 71
"POST /graphql/ HTTP/1.1" 200 323
"POST /graphql/ HTTP/1.1" 200 271
"POST /graphql/ HTTP/1.1" 200 271
"POST /graphql/ HTTP/1.1" 200 839
"POST /graphql/ HTTP/1.1" 200 839
"POST /graphql/ HTTP/1.1" 200 73
"POST /graphql/ HTTP/1.1" 200 73
"POST /graphql/ HTTP/1.1" 200 902
"POST /graphql/ HTTP/1.1" 200 36
"POST /graphql/ HTTP/1.1" 200 217
"POST /graphql/ HTTP/1.1" 200 43
"POST /graphql/ HTTP/1.1" 200 69
"POST /graphql/ HTTP/1.1" 200 73
"POST /graphql/ HTTP/1.1" 200 1604
"POST /graphql/ HTTP/1.1" 200 902
"POST /graphql/ HTTP/1.1" 200 311
"POST /graphql/ HTTP/1.1" 200 311
E:\Dev\Zee\SIMS_Backend\core\mutations\biometric_mutations.py changed, reloading.
Watching for file changes with StatReloader
"POST /graphql/ HTTP/1.1" 200 132
"POST /graphql/ HTTP/1.1" 200 132
"POST /graphql/ HTTP/1.1" 200 1604
"POST /graphql/ HTTP/1.1" 200 902
"POST /graphql/ HTTP/1.1" 200 1604
"POST /graphql/ HTTP/1.1" 200 181
E:\Dev\Zee\SIMS_Backend\sims_backend\settings.py changed, reloading.
Watching for file changes with StatReloader
"OPTIONS /graphql/ HTTP/1.1" 200 0
"OPTIONS /graphql/ HTTP/1.1" 200 0
"OPTIONS /graphql/ HTTP/1.1" 200 0
"OPTIONS /graphql/ HTTP/1.1" 200 0
"POST /graphql/ HTTP/1.1" 200 132
"POST /graphql/ HTTP/1.1" 200 132
"POST /graphql/ HTTP/1.1" 200 1772
"POST /graphql/ HTTP/1.1" 200 1772
"POST /graphql/ HTTP/1.1" 200 902
"POST /graphql/ HTTP/1.1" 200 246
"POST /graphql/ HTTP/1.1" 200 1944
"POST /graphql/ HTTP/1.1" 200 132
"POST /graphql/ HTTP/1.1" 200 3077
"POST /graphql/ HTTP/1.1" 200 132
"POST /graphql/ HTTP/1.1" 200 3077
"POST /graphql/ HTTP/1.1" 200 902
"POST /graphql/ HTTP/1.1" 200 132
"POST /graphql/ HTTP/1.1" 200 3077
"POST /graphql/ HTTP/1.1" 200 132
"POST /graphql/ HTTP/1.1" 200 3077
"POST /graphql/ HTTP/1.1" 200 902
"POST /graphql/ HTTP/1.1" 200 319
"POST /graphql/ HTTP/1.1" 200 1513
"POST /graphql/ HTTP/1.1" 200 1513
"POST /graphql/ HTTP/1.1" 200 728
"POST /graphql/ HTTP/1.1" 200 577
"POST /graphql/ HTTP/1.1" 200 577
"POST /graphql/ HTTP/1.1" 200 728
"POST /graphql/ HTTP/1.1" 200 728
"POST /graphql/ HTTP/1.1" 200 28
"POST /graphql/ HTTP/1.1" 200 611
"POST /graphql/ HTTP/1.1" 200 728
"POST /graphql/ HTTP/1.1" 200 611
"POST /graphql/ HTTP/1.1" 200 728
"POST /graphql/ HTTP/1.1" 200 28
"POST /graphql/ HTTP/1.1" 200 611
"POST /graphql/ HTTP/1.1" 200 28
E:\Dev\Zee\SIMS_Backend\core\queries\core_queries.py changed, reloading.
Watching for file changes with StatReloader
"POST /graphql/ HTTP/1.1" 200 728
"POST /graphql/ HTTP/1.1" 200 728
"POST /graphql/ HTTP/1.1" 200 1549
"POST /graphql/ HTTP/1.1" 200 611
"POST /graphql/ HTTP/1.1" 200 1549
"POST /graphql/ HTTP/1.1" 200 611
"POST /graphql/ HTTP/1.1" 200 323
"POST /graphql/ HTTP/1.1" 200 271
"POST /graphql/ HTTP/1.1" 200 271
"POST /graphql/ HTTP/1.1" 200 839
"POST /graphql/ HTTP/1.1" 200 839
"POST /graphql/ HTTP/1.1" 200 175
"POST /graphql/ HTTP/1.1" 200 175
"POST /graphql/ HTTP/1.1" 200 2318
"POST /graphql/ HTTP/1.1" 200 2318
"POST /graphql/ HTTP/1.1" 200 132
"POST /graphql/ HTTP/1.1" 200 132
"POST /graphql/ HTTP/1.1" 200 3077
"POST /graphql/ HTTP/1.1" 200 3077
"POST /graphql/ HTTP/1.1" 200 902
"POST /graphql/ HTTP/1.1" 200 36
"POST /graphql/ HTTP/1.1" 200 43
"POST /graphql/ HTTP/1.1" 200 217
"POST /graphql/ HTTP/1.1" 200 102
"POST /graphql/ HTTP/1.1" 200 327
"POST /graphql/ HTTP/1.1" 200 249
"POST /graphql/ HTTP/1.1" 200 249
"POST /graphql/ HTTP/1.1" 200 831
"POST /graphql/ HTTP/1.1" 200 831
"POST /graphql/ HTTP/1.1" 200 75
"POST /graphql/ HTTP/1.1" 200 75
"POST /graphql/ HTTP/1.1" 200 153
"POST /graphql/ HTTP/1.1" 200 553
"POST /graphql/ HTTP/1.1" 200 553
"POST /graphql/ HTTP/1.1" 200 27
"POST /graphql/ HTTP/1.1" 200 27
"POST /graphql/ HTTP/1.1" 200 27
"POST /graphql/ HTTP/1.1" 200 27
"POST /graphql/ HTTP/1.1" 200 75
"POST /graphql/ HTTP/1.1" 200 75
"POST /graphql/ HTTP/1.1" 200 153
"POST /graphql/ HTTP/1.1" 200 553
"POST /graphql/ HTTP/1.1" 200 553
"POST /graphql/ HTTP/1.1" 200 75
"POST /graphql/ HTTP/1.1" 200 75
"POST /graphql/ HTTP/1.1" 200 153
"POST /graphql/ HTTP/1.1" 200 553
"POST /graphql/ HTTP/1.1" 200 553
"POST /graphql/ HTTP/1.1" 200 75
"POST /graphql/ HTTP/1.1" 200 153
"POST /graphql/ HTTP/1.1" 200 75
"POST /graphql/ HTTP/1.1" 200 553
"POST /graphql/ HTTP/1.1" 200 553
"OPTIONS /graphql/ HTTP/1.1" 200 0
"OPTIONS /graphql/ HTTP/1.1" 200 0
"POST /graphql/ HTTP/1.1" 200 75
"POST /graphql/ HTTP/1.1" 200 75
"POST /graphql/ HTTP/1.1" 200 553
"POST /graphql/ HTTP/1.1" 200 42
"POST /graphql/ HTTP/1.1" 200 553
"POST /graphql/ HTTP/1.1" 200 159
"POST /graphql/ HTTP/1.1" 200 159
"POST /graphql/ HTTP/1.1" 200 2432
"POST /graphql/ HTTP/1.1" 200 2432
"POST /graphql/ HTTP/1.1" 200 129
"POST /graphql/ HTTP/1.1" 200 129
"POST /graphql/ HTTP/1.1" 200 1336
"POST /graphql/ HTTP/1.1" 200 75
"POST /graphql/ HTTP/1.1" 200 75
"POST /graphql/ HTTP/1.1" 200 553
"POST /graphql/ HTTP/1.1" 200 42
"POST /graphql/ HTTP/1.1" 200 553
"POST /graphql/ HTTP/1.1" 200 27
"POST /graphql/ HTTP/1.1" 200 27
"POST /graphql/ HTTP/1.1" 200 75
"POST /graphql/ HTTP/1.1" 200 75
"POST /graphql/ HTTP/1.1" 200 553
"POST /graphql/ HTTP/1.1" 200 42
"POST /graphql/ HTTP/1.1" 200 553
"POST /graphql/ HTTP/1.1" 200 319
"POST /graphql/ HTTP/1.1" 200 1513
"POST /graphql/ HTTP/1.1" 200 1513
"POST /graphql/ HTTP/1.1" 200 1513
"POST /graphql/ HTTP/1.1" 200 1513
"POST /graphql/ HTTP/1.1" 200 319
"POST /graphql/ HTTP/1.1" 200 1513
"POST /graphql/ HTTP/1.1" 200 1513
"POST /graphql/ HTTP/1.1" 200 255
"POST /graphql/ HTTP/1.1" 200 201
"POST /graphql/ HTTP/1.1" 200 255
"POST /graphql/ HTTP/1.1" 200 69
"POST /graphql/ HTTP/1.1" 200 71
"POST /graphql/ HTTP/1.1" 200 201
"POST /graphql/ HTTP/1.1" 200 69
"POST /graphql/ HTTP/1.1" 200 71
"POST /graphql/ HTTP/1.1" 200 169
"POST /graphql/ HTTP/1.1" 200 96
"POST /graphql/ HTTP/1.1" 200 70
"POST /graphql/ HTTP/1.1" 200 323
"POST /graphql/ HTTP/1.1" 200 271
"POST /graphql/ HTTP/1.1" 200 271
"POST /graphql/ HTTP/1.1" 200 839
"POST /graphql/ HTTP/1.1" 200 839
"POST /graphql/ HTTP/1.1" 200 132
"POST /graphql/ HTTP/1.1" 200 132
"POST /graphql/ HTTP/1.1" 200 3077
"POST /graphql/ HTTP/1.1" 200 3077
"POST /graphql/ HTTP/1.1" 200 902
"POST /graphql/ HTTP/1.1" 200 43
"POST /graphql/ HTTP/1.1" 200 36
"POST /graphql/ HTTP/1.1" 200 217
"POST /graphql/ HTTP/1.1" 200 218
"POST /graphql/ HTTP/1.1" 200 36
"POST /graphql/ HTTP/1.1" 200 36
E:\Dev\Zee\SIMS_Backend\core\mutations\biometric_mutations.py changed, reloading.
Watching for file changes with StatReloader
"POST /graphql/ HTTP/1.1" 200 132
"POST /graphql/ HTTP/1.1" 200 3077
"POST /graphql/ HTTP/1.1" 200 902
"POST /graphql/ HTTP/1.1" 200 3077
"POST /graphql/ HTTP/1.1" 200 132
"POST /graphql/ HTTP/1.1" 200 902
"POST /graphql/ HTTP/1.1" 200 36
"POST /graphql/ HTTP/1.1" 200 263
"POST /graphql/ HTTP/1.1" 200 43
"POST /graphql/ HTTP/1.1" 200 273
E:\Dev\Zee\SIMS_Backend\core\mutations\biometric_mutations.py changed, reloading.
Watching for file changes with StatReloader
"POST /graphql/ HTTP/1.1" 200 132
"POST /graphql/ HTTP/1.1" 200 132
"POST /graphql/ HTTP/1.1" 200 3077
"POST /graphql/ HTTP/1.1" 200 3077
"POST /graphql/ HTTP/1.1" 200 902
"POST /graphql/ HTTP/1.1" 200 36
"POST /graphql/ HTTP/1.1" 200 263
"POST /graphql/ HTTP/1.1" 200 43
"POST /graphql/ HTTP/1.1" 200 208
"POST /graphql/ HTTP/1.1" 200 262
"POST /graphql/ HTTP/1.1" 200 319
"POST /graphql/ HTTP/1.1" 200 1513
"POST /graphql/ HTTP/1.1" 200 1513
"POST /graphql/ HTTP/1.1" 200 728
"POST /graphql/ HTTP/1.1" 200 1549
"POST /graphql/ HTTP/1.1" 200 1549
"POST /graphql/ HTTP/1.1" 200 611
"POST /graphql/ HTTP/1.1" 200 728
"POST /graphql/ HTTP/1.1" 200 611
E:\Dev\Zee\SIMS_Backend\core\mutations\core_mutations.py changed, reloading.
Watching for file changes with StatReloader
E:\Dev\Zee\SIMS_Backend\core\models\core_models.py changed, reloading.
Watching for file changes with StatReloader
E:\Dev\Zee\SIMS_Backend\core\schema\core_schema.py changed, reloading.
Watching for file changes with StatReloader
E:\Dev\Zee\SIMS_Backend\core\mutations\core_mutations.py changed, reloading.
Watching for file changes with StatReloader
E:\Dev\Zee\SIMS_Backend\core\mutations\core_mutations.py changed, reloading.
Watching for file changes with StatReloader
"POST /graphql/ HTTP/1.1" 200 1513
"POST /graphql/ HTTP/1.1" 200 1513
"POST /graphql/ HTTP/1.1" 200 1914
"POST /graphql/ HTTP/1.1" 200 1914
"POST /graphql/ HTTP/1.1" 200 728
"POST /graphql/ HTTP/1.1" 200 1549
"POST /graphql/ HTTP/1.1" 200 611
"POST /graphql/ HTTP/1.1" 200 1549
"POST /graphql/ HTTP/1.1" 200 728
"POST /graphql/ HTTP/1.1" 200 611
"POST /graphql/ HTTP/1.1" 200 323
"POST /graphql/ HTTP/1.1" 200 271
"POST /graphql/ HTTP/1.1" 200 271
"POST /graphql/ HTTP/1.1" 200 839
"POST /graphql/ HTTP/1.1" 200 839
"POST /graphql/ HTTP/1.1" 200 132
"POST /graphql/ HTTP/1.1" 200 132
"POST /graphql/ HTTP/1.1" 200 3077
"POST /graphql/ HTTP/1.1" 200 902
"POST /graphql/ HTTP/1.1" 200 3077
"POST /graphql/ HTTP/1.1" 200 163
"POST /graphql/ HTTP/1.1" 200 263
"POST /graphql/ HTTP/1.1" 200 36
"POST /graphql/ HTTP/1.1" 200 208
"POST /graphql/ HTTP/1.1" 200 132
"POST /graphql/ HTTP/1.1" 200 3077
"POST /graphql/ HTTP/1.1" 200 902
"POST /graphql/ HTTP/1.1" 200 3077
"POST /graphql/ HTTP/1.1" 200 132
"POST /graphql/ HTTP/1.1" 200 902
"POST /graphql/ HTTP/1.1" 200 132
"POST /graphql/ HTTP/1.1" 200 3077
"POST /graphql/ HTTP/1.1" 200 902
"POST /graphql/ HTTP/1.1" 200 319
"POST /graphql/ HTTP/1.1" 200 1513
"POST /graphql/ HTTP/1.1" 200 1513
"POST /graphql/ HTTP/1.1" 200 611
"POST /graphql/ HTTP/1.1" 200 1549
"POST /graphql/ HTTP/1.1" 200 728
"POST /graphql/ HTTP/1.1" 200 1549
"POST /graphql/ HTTP/1.1" 200 728
"POST /graphql/ HTTP/1.1" 200 611
"POST /graphql/ HTTP/1.1" 200 36
"POST /graphql/ HTTP/1.1" 200 286
"POST /graphql/ HTTP/1.1" 200 36
"POST /graphql/ HTTP/1.1" 200 43
"POST /graphql/ HTTP/1.1" 200 286
"POST /graphql/ HTTP/1.1" 200 36
"POST /graphql/ HTTP/1.1" 200 323
"POST /graphql/ HTTP/1.1" 200 271
"POST /graphql/ HTTP/1.1" 200 271
"POST /graphql/ HTTP/1.1" 200 839
"POST /graphql/ HTTP/1.1" 200 839
"POST /graphql/ HTTP/1.1" 200 73
"POST /graphql/ HTTP/1.1" 200 73
"POST /graphql/ HTTP/1.1" 200 1134
"POST /graphql/ HTTP/1.1" 200 540
"POST /graphql/ HTTP/1.1" 200 1134
"POST /graphql/ HTTP/1.1" 200 132
"POST /graphql/ HTTP/1.1" 200 3077
"POST /graphql/ HTTP/1.1" 200 3077
"POST /graphql/ HTTP/1.1" 200 132
"POST /graphql/ HTTP/1.1" 200 902
"POST /graphql/ HTTP/1.1" 200 263
"POST /graphql/ HTTP/1.1" 200 36
"POST /graphql/ HTTP/1.1" 200 163
"POST /graphql/ HTTP/1.1" 200 36
"POST /graphql/ HTTP/1.1" 200 73
"POST /graphql/ HTTP/1.1" 200 73
"POST /graphql/ HTTP/1.1" 200 1134
"POST /graphql/ HTTP/1.1" 200 540
"POST /graphql/ HTTP/1.1" 200 73
"POST /graphql/ HTTP/1.1" 200 73
"POST /graphql/ HTTP/1.1" 200 1134
"POST /graphql/ HTTP/1.1" 200 540
"POST /graphql/ HTTP/1.1" 200 1134
"POST /graphql/ HTTP/1.1" 200 271
"POST /graphql/ HTTP/1.1" 200 271
"POST /graphql/ HTTP/1.1" 200 839
"POST /graphql/ HTTP/1.1" 200 839
"POST /graphql/ HTTP/1.1" 200 123
"POST /graphql/ HTTP/1.1" 200 123
"POST /graphql/ HTTP/1.1" 200 841
"POST /graphql/ HTTP/1.1" 200 841
"POST /graphql/ HTTP/1.1" 200 1296
"POST /graphql/ HTTP/1.1" 200 132
"POST /graphql/ HTTP/1.1" 200 132
"POST /graphql/ HTTP/1.1" 200 3077
"POST /graphql/ HTTP/1.1" 200 3077
"POST /graphql/ HTTP/1.1" 200 902
"POST /graphql/ HTTP/1.1" 200 36
"POST /graphql/ HTTP/1.1" 200 163
"POST /graphql/ HTTP/1.1" 200 263
"POST /graphql/ HTTP/1.1" 200 36
"POST /graphql/ HTTP/1.1" 200 110
"POST /graphql/ HTTP/1.1" 200 149
"POST /graphql/ HTTP/1.1" 200 132
"POST /graphql/ HTTP/1.1" 200 3077
"POST /graphql/ HTTP/1.1" 200 902
"POST /graphql/ HTTP/1.1" 200 132
"POST /graphql/ HTTP/1.1" 200 3077
"POST /graphql/ HTTP/1.1" 200 132
"POST /graphql/ HTTP/1.1" 200 3077
"POST /graphql/ HTTP/1.1" 200 902
"POST /graphql/ HTTP/1.1" 200 163
"POST /graphql/ HTTP/1.1" 200 263
"POST /graphql/ HTTP/1.1" 200 36
"POST /graphql/ HTTP/1.1" 200 149
"POST /graphql/ HTTP/1.1" 200 149
"POST /graphql/ HTTP/1.1" 200 110
"POST /graphql/ HTTP/1.1" 200 149
"POST /graphql/ HTTP/1.1" 200 149
"OPTIONS /graphql/ HTTP/1.1" 200 0
"POST /graphql/ HTTP/1.1" 200 167
"POST /graphql/ HTTP/1.1" 200 167
"POST /graphql/ HTTP/1.1" 200 208
"POST /graphql/ HTTP/1.1" 200 271
"POST /graphql/ HTTP/1.1" 200 271
"POST /graphql/ HTTP/1.1" 200 839
"POST /graphql/ HTTP/1.1" 200 839
"POST /graphql/ HTTP/1.1" 200 73
"POST /graphql/ HTTP/1.1" 200 73
"POST /graphql/ HTTP/1.1" 200 1134
"POST /graphql/ HTTP/1.1" 200 540
"POST /graphql/ HTTP/1.1" 200 1134
"POST /graphql/ HTTP/1.1" 200 319
"POST /graphql/ HTTP/1.1" 200 1513
"POST /graphql/ HTTP/1.1" 200 1513
"POST /graphql/ HTTP/1.1" 200 1914
"POST /graphql/ HTTP/1.1" 200 1914
"POST /graphql/ HTTP/1.1" 200 824
"POST /graphql/ HTTP/1.1" 200 824
"POST /graphql/ HTTP/1.1" 200 1914
"POST /graphql/ HTTP/1.1" 200 1914
"POST /graphql/ HTTP/1.1" 200 1746
"POST /graphql/ HTTP/1.1" 200 1746
"POST /graphql/ HTTP/1.1" 200 930
"POST /graphql/ HTTP/1.1" 200 1746
"POST /graphql/ HTTP/1.1" 200 728
"POST /graphql/ HTTP/1.1" 200 1549
"POST /graphql/ HTTP/1.1" 200 1549
"POST /graphql/ HTTP/1.1" 200 728
"POST /graphql/ HTTP/1.1" 200 611
"POST /graphql/ HTTP/1.1" 200 611
"POST /graphql/ HTTP/1.1" 200 181
"POST /graphql/ HTTP/1.1" 200 286
"POST /graphql/ HTTP/1.1" 200 255
"POST /graphql/ HTTP/1.1" 200 201
"POST /graphql/ HTTP/1.1" 200 255
"POST /graphql/ HTTP/1.1" 200 201
"POST /graphql/ HTTP/1.1" 200 69
"POST /graphql/ HTTP/1.1" 200 69
"POST /graphql/ HTTP/1.1" 200 70
"POST /graphql/ HTTP/1.1" 200 70
"POST /graphql/ HTTP/1.1" 200 1282
"POST /graphql/ HTTP/1.1" 200 1282
"POST /graphql/ HTTP/1.1" 200 787
"POST /graphql/ HTTP/1.1" 200 1282
"POST /graphql/ HTTP/1.1" 200 608
"POST /graphql/ HTTP/1.1" 200 608
"POST /graphql/ HTTP/1.1" 200 1513
"POST /graphql/ HTTP/1.1" 200 1513
"POST /graphql/ HTTP/1.1" 200 323
"POST /graphql/ HTTP/1.1" 200 271
"POST /graphql/ HTTP/1.1" 200 271
"POST /graphql/ HTTP/1.1" 200 839
"POST /graphql/ HTTP/1.1" 200 839
"POST /graphql/ HTTP/1.1" 200 175
"POST /graphql/ HTTP/1.1" 200 175
"POST /graphql/ HTTP/1.1" 200 2318
"POST /graphql/ HTTP/1.1" 200 2318
"POST /graphql/ HTTP/1.1" 200 73
"POST /graphql/ HTTP/1.1" 200 73
"POST /graphql/ HTTP/1.1" 200 1134
"POST /graphql/ HTTP/1.1" 200 540
"POST /graphql/ HTTP/1.1" 200 1134
"POST /graphql/ HTTP/1.1" 200 123
"POST /graphql/ HTTP/1.1" 200 123
"POST /graphql/ HTTP/1.1" 200 841
"POST /graphql/ HTTP/1.1" 200 841
"POST /graphql/ HTTP/1.1" 200 1296
"POST /graphql/ HTTP/1.1" 200 132
"POST /graphql/ HTTP/1.1" 200 132
"POST /graphql/ HTTP/1.1" 200 3077
"POST /graphql/ HTTP/1.1" 200 3077
"POST /graphql/ HTTP/1.1" 200 902
"POST /graphql/ HTTP/1.1" 200 1638
"POST /graphql/ HTTP/1.1" 200 1638
"POST /graphql/ HTTP/1.1" 200 311
"POST /graphql/ HTTP/1.1" 200 311
"POST /graphql/ HTTP/1.1" 200 271
"POST /graphql/ HTTP/1.1" 200 271
"POST /graphql/ HTTP/1.1" 200 839
"POST /graphql/ HTTP/1.1" 200 839
"POST /graphql/ HTTP/1.1" 200 102
"POST /graphql/ HTTP/1.1" 200 102
"POST /graphql/ HTTP/1.1" 200 327
"POST /graphql/ HTTP/1.1" 200 249
"POST /graphql/ HTTP/1.1" 200 249
"POST /graphql/ HTTP/1.1" 200 920
"POST /graphql/ HTTP/1.1" 200 920
"POST /graphql/ HTTP/1.1" 200 159
"POST /graphql/ HTTP/1.1" 200 159
"POST /graphql/ HTTP/1.1" 200 2432
"POST /graphql/ HTTP/1.1" 200 2432
"POST /graphql/ HTTP/1.1" 200 117
"POST /graphql/ HTTP/1.1" 200 1356
"POST /graphql/ HTTP/1.1" 200 117
"POST /graphql/ HTTP/1.1" 200 1356
"POST /graphql/ HTTP/1.1" 200 540
"POST /graphql/ HTTP/1.1" 200 1356
"POST /graphql/ HTTP/1.1" 200 129
"POST /graphql/ HTTP/1.1" 200 129
"POST /graphql/ HTTP/1.1" 200 1336
"POST /graphql/ HTTP/1.1" 200 75
"POST /graphql/ HTTP/1.1" 200 75
"POST /graphql/ HTTP/1.1" 200 212
"POST /graphql/ HTTP/1.1" 200 756
"POST /graphql/ HTTP/1.1" 200 553
"POST /graphql/ HTTP/1.1" 200 756
"POST /graphql/ HTTP/1.1" 200 249
"POST /graphql/ HTTP/1.1" 200 249
"POST /graphql/ HTTP/1.1" 200 920
"POST /graphql/ HTTP/1.1" 200 920
"POST /graphql/ HTTP/1.1" 200 75
"POST /graphql/ HTTP/1.1" 200 75
"POST /graphql/ HTTP/1.1" 200 756
"POST /graphql/ HTTP/1.1" 200 212
"POST /graphql/ HTTP/1.1" 200 553
"POST /graphql/ HTTP/1.1" 200 756
"POST /graphql/ HTTP/1.1" 200 75
"POST /graphql/ HTTP/1.1" 200 756
"POST /graphql/ HTTP/1.1" 200 212
"POST /graphql/ HTTP/1.1" 200 553
"POST /graphql/ HTTP/1.1" 200 756
"POST /graphql/ HTTP/1.1" 200 249
"POST /graphql/ HTTP/1.1" 200 249
"POST /graphql/ HTTP/1.1" 200 920
"POST /graphql/ HTTP/1.1" 200 920
"POST /graphql/ HTTP/1.1" 200 27
"POST /graphql/ HTTP/1.1" 200 27
"POST /graphql/ HTTP/1.1" 200 413
"POST /graphql/ HTTP/1.1" 200 413
"POST /graphql/ HTTP/1.1" 200 266
"POST /graphql/ HTTP/1.1" 200 266
"POST /graphql/ HTTP/1.1" 200 385
"POST /graphql/ HTTP/1.1" 200 920
"POST /graphql/ HTTP/1.1" 200 920
"POST /graphql/ HTTP/1.1" 200 385
"POST /graphql/ HTTP/1.1" 200 319
"POST /graphql/ HTTP/1.1" 200 1513
"POST /graphql/ HTTP/1.1" 200 1513
"POST /graphql/ HTTP/1.1" 200 1914
"POST /graphql/ HTTP/1.1" 200 1914
"POST /graphql/ HTTP/1.1" 200 1746
"POST /graphql/ HTTP/1.1" 200 1746
"POST /graphql/ HTTP/1.1" 200 930
"POST /graphql/ HTTP/1.1" 200 1746
"POST /graphql/ HTTP/1.1" 200 824
"POST /graphql/ HTTP/1.1" 200 824
"POST /graphql/ HTTP/1.1" 200 1914
"POST /graphql/ HTTP/1.1" 200 1914
"POST /graphql/ HTTP/1.1" 200 1746
"POST /graphql/ HTTP/1.1" 200 1746
"POST /graphql/ HTTP/1.1" 200 930
"POST /graphql/ HTTP/1.1" 200 611
"POST /graphql/ HTTP/1.1" 200 728
"POST /graphql/ HTTP/1.1" 200 1549
"POST /graphql/ HTTP/1.1" 200 611
"POST /graphql/ HTTP/1.1" 200 728
"POST /graphql/ HTTP/1.1" 200 1549
"POST /graphql/ HTTP/1.1" 200 255
"POST /graphql/ HTTP/1.1" 200 201
"POST /graphql/ HTTP/1.1" 200 255
"POST /graphql/ HTTP/1.1" 200 201
"POST /graphql/ HTTP/1.1" 200 69
"POST /graphql/ HTTP/1.1" 200 70
"POST /graphql/ HTTP/1.1" 200 70
"POST /graphql/ HTTP/1.1" 200 69
"POST /graphql/ HTTP/1.1" 200 1282
"POST /graphql/ HTTP/1.1" 200 1282
"POST /graphql/ HTTP/1.1" 200 787
"POST /graphql/ HTTP/1.1" 200 608
"POST /graphql/ HTTP/1.1" 200 608
"POST /graphql/ HTTP/1.1" 200 1513
"POST /graphql/ HTTP/1.1" 200 1513
"POST /graphql/ HTTP/1.1" 200 824
"POST /graphql/ HTTP/1.1" 200 824
"POST /graphql/ HTTP/1.1" 200 1914
"POST /graphql/ HTTP/1.1" 200 1914
"POST /graphql/ HTTP/1.1" 200 1746
"POST /graphql/ HTTP/1.1" 200 1746
"POST /graphql/ HTTP/1.1" 200 930
"POST /graphql/ HTTP/1.1" 200 1746
"POST /graphql/ HTTP/1.1" 200 1549
"POST /graphql/ HTTP/1.1" 200 611
"POST /graphql/ HTTP/1.1" 200 728
"POST /graphql/ HTTP/1.1" 200 728
"POST /graphql/ HTTP/1.1" 200 1549
"POST /graphql/ HTTP/1.1" 200 611
"POST /graphql/ HTTP/1.1" 200 255
"POST /graphql/ HTTP/1.1" 200 255
"POST /graphql/ HTTP/1.1" 200 201
"POST /graphql/ HTTP/1.1" 200 201
"POST /graphql/ HTTP/1.1" 200 70
"POST /graphql/ HTTP/1.1" 200 69
"POST /graphql/ HTTP/1.1" 200 69
"POST /graphql/ HTTP/1.1" 200 70
"POST /graphql/ HTTP/1.1" 200 1282
"POST /graphql/ HTTP/1.1" 200 1282
"POST /graphql/ HTTP/1.1" 200 787
"POST /graphql/ HTTP/1.1" 200 255
"POST /graphql/ HTTP/1.1" 200 201
"POST /graphql/ HTTP/1.1" 200 255
"POST /graphql/ HTTP/1.1" 200 201
"POST /graphql/ HTTP/1.1" 200 70
"POST /graphql/ HTTP/1.1" 200 69
"POST /graphql/ HTTP/1.1" 200 69
"POST /graphql/ HTTP/1.1" 200 70
"POST /graphql/ HTTP/1.1" 200 1282
"POST /graphql/ HTTP/1.1" 200 1282
"POST /graphql/ HTTP/1.1" 200 787
"POST /graphql/ HTTP/1.1" 200 1282
"POST /graphql/ HTTP/1.1" 200 608
"POST /graphql/ HTTP/1.1" 200 608
E:\Dev\Zee\SIMS_Backend\reports\mutations\reports_mutations.py changed, reloading.
Watching for file changes with StatReloader
"POST /graphql/ HTTP/1.1" 200 743
"POST /graphql/ HTTP/1.1" 200 743
"POST /graphql/ HTTP/1.1" 200 743
"POST /graphql/ HTTP/1.1" 200 520
"POST /graphql/ HTTP/1.1" 200 2469
"POST /graphql/ HTTP/1.1" 200 537
"POST /graphql/ HTTP/1.1" 200 516
"POST /graphql/ HTTP/1.1" 200 1793
"POST /graphql/ HTTP/1.1" 200 288
"POST /graphql/ HTTP/1.1" 200 309
"POST /graphql/ HTTP/1.1" 200 2240
"POST /graphql/ HTTP/1.1" 200 292
"POST /graphql/ HTTP/1.1" 200 1793
"POST /graphql/ HTTP/1.1" 200 288
E:\Dev\Zee\SIMS_Backend\reports\schema\reports_schema.py changed, reloading.
Watching for file changes with StatReloader
E:\Dev\Zee\SIMS_Backend\reports\schema\reports_schema.py changed, reloading.
Watching for file changes with StatReloader
"POST /graphql/ HTTP/1.1" 200 1793
"POST /graphql/ HTTP/1.1" 200 1793
"POST /graphql/ HTTP/1.1" 200 1793
"POST /graphql/ HTTP/1.1" 200 1793
"POST /graphql/ HTTP/1.1" 200 1793
"POST /graphql/ HTTP/1.1" 200 445
"POST /graphql/ HTTP/1.1" 200 445
"POST /graphql/ HTTP/1.1" 200 1793
"POST /graphql/ HTTP/1.1" 200 1793
"POST /graphql/ HTTP/1.1" 200 474
"POST /graphql/ HTTP/1.1" 200 474
"POST /graphql/ HTTP/1.1" 200 1793
"POST /graphql/ HTTP/1.1" 200 1793
"POST /graphql/ HTTP/1.1" 200 2753
"POST /graphql/ HTTP/1.1" 200 2753
"POST /graphql/ HTTP/1.1" 200 1793
"POST /graphql/ HTTP/1.1" 200 1793
"POST /graphql/ HTTP/1.1" 200 451
"POST /graphql/ HTTP/1.1" 200 451
E:\Dev\Zee\SIMS_Backend\reports\mutations\reports_mutations.py changed, reloading.
Watching for file changes with StatReloader
"POST /graphql/ HTTP/1.1" 200 451
"POST /graphql/ HTTP/1.1" 200 1793
"POST /graphql/ HTTP/1.1" 200 1793
"POST /graphql/ HTTP/1.1" 200 1793
"POST /graphql/ HTTP/1.1" 200 1793
"POST /graphql/ HTTP/1.1" 200 445
"POST /graphql/ HTTP/1.1" 200 445
"POST /graphql/ HTTP/1.1" 200 1793
"POST /graphql/ HTTP/1.1" 200 1793
"POST /graphql/ HTTP/1.1" 200 2753
"POST /graphql/ HTTP/1.1" 200 2753
"POST /graphql/ HTTP/1.1" 200 1793
"POST /graphql/ HTTP/1.1" 200 1793
"POST /graphql/ HTTP/1.1" 200 474
"POST /graphql/ HTTP/1.1" 200 474
"POST /graphql/ HTTP/1.1" 200 1793
"POST /graphql/ HTTP/1.1" 200 1793
"POST /graphql/ HTTP/1.1" 200 445
"POST /graphql/ HTTP/1.1" 200 445
"POST /graphql/ HTTP/1.1" 200 1793
"POST /graphql/ HTTP/1.1" 200 1793
"POST /graphql/ HTTP/1.1" 200 451
"POST /graphql/ HTTP/1.1" 200 451
"POST /graphql/ HTTP/1.1" 200 1793
"POST /graphql/ HTTP/1.1" 200 1793
"POST /graphql/ HTTP/1.1" 200 611
"POST /graphql/ HTTP/1.1" 200 1549
"POST /graphql/ HTTP/1.1" 200 728
"POST /graphql/ HTTP/1.1" 200 1549
"POST /graphql/ HTTP/1.1" 200 611
"POST /graphql/ HTTP/1.1" 200 728
"POST /graphql/ HTTP/1.1" 200 181
"POST /graphql/ HTTP/1.1" 200 286
"POST /graphql/ HTTP/1.1" 200 181
"POST /graphql/ HTTP/1.1" 200 1793
"POST /graphql/ HTTP/1.1" 200 1793
"POST /graphql/ HTTP/1.1" 200 451
"POST /graphql/ HTTP/1.1" 200 451
"POST /graphql/ HTTP/1.1" 200 1793
"POST /graphql/ HTTP/1.1" 200 1793
"POST /graphql/ HTTP/1.1" 200 87
"POST /graphql/ HTTP/1.1" 200 87
"POST /graphql/ HTTP/1.1" 200 87
"POST /graphql/ HTTP/1.1" 200 87
"POST /graphql/ HTTP/1.1" 200 542
"POST /graphql/ HTTP/1.1" 200 451
"POST /graphql/ HTTP/1.1" 200 451
"POST /graphql/ HTTP/1.1" 200 1003
"POST /graphql/ HTTP/1.1" 200 1003
"POST /graphql/ HTTP/1.1" 200 2822
"POST /graphql/ HTTP/1.1" 200 2730
"POST /graphql/ HTTP/1.1" 200 2730
"POST /graphql/ HTTP/1.1" 200 1277
"POST /graphql/ HTTP/1.1" 200 1277
"POST /graphql/ HTTP/1.1" 200 565
"POST /graphql/ HTTP/1.1" 200 474
"POST /graphql/ HTTP/1.1" 200 474
"POST /graphql/ HTTP/1.1" 200 1531
"POST /graphql/ HTTP/1.1" 200 1531
"POST /graphql/ HTTP/1.1" 200 87
"POST /graphql/ HTTP/1.1" 200 87
"POST /graphql/ HTTP/1.1" 200 87
"POST /graphql/ HTTP/1.1" 200 542
"POST /graphql/ HTTP/1.1" 200 451
"POST /graphql/ HTTP/1.1" 200 451
"POST /graphql/ HTTP/1.1" 200 1003
"POST /graphql/ HTTP/1.1" 200 1003
"POST /graphql/ HTTP/1.1" 200 954
"POST /graphql/ HTTP/1.1" 200 863
"POST /graphql/ HTTP/1.1" 200 863
"POST /graphql/ HTTP/1.1" 200 1265
"POST /graphql/ HTTP/1.1" 200 1265
"POST /graphql/ HTTP/1.1" 200 451
"POST /graphql/ HTTP/1.1" 200 451
"POST /graphql/ HTTP/1.1" 200 1265
"POST /graphql/ HTTP/1.1" 200 1265
"POST /graphql/ HTTP/1.1" 200 766
"POST /graphql/ HTTP/1.1" 200 675
"POST /graphql/ HTTP/1.1" 200 675
"POST /graphql/ HTTP/1.1" 200 1527
"POST /graphql/ HTTP/1.1" 200 1527
"POST /graphql/ HTTP/1.1" 200 2822
"POST /graphql/ HTTP/1.1" 200 2730
"POST /graphql/ HTTP/1.1" 200 2730
"POST /graphql/ HTTP/1.1" 200 1801
"POST /graphql/ HTTP/1.1" 200 1801
"POST /graphql/ HTTP/1.1" 200 829
"POST /graphql/ HTTP/1.1" 200 738
"POST /graphql/ HTTP/1.1" 200 738
"POST /graphql/ HTTP/1.1" 200 2055
"POST /graphql/ HTTP/1.1" 200 2055
E:\Dev\Zee\SIMS_Backend\core\schema\additional_core_schema.py changed, reloading.
Watching for file changes with StatReloader
E:\Dev\Zee\SIMS_Backend\core\queries\core_queries.py changed, reloading.
Watching for file changes with StatReloader
E:\Dev\Zee\SIMS_Backend\core\queries\core_queries.py changed, reloading.
Watching for file changes with StatReloader
E:\Dev\Zee\SIMS_Backend\core\queries\core_queries.py changed, reloading.
Watching for file changes with StatReloader
E:\Dev\Zee\SIMS_Backend\core\mutations\additional_core_mutations.py changed, reloading.
Watching for file changes with StatReloader
"POST /graphql/ HTTP/1.1" 200 809
"POST /graphql/ HTTP/1.1" 200 809
"POST /graphql/ HTTP/1.1" 200 111
"POST /graphql/ HTTP/1.1" 200 112
"POST /graphql/ HTTP/1.1" 200 110
"POST /graphql/ HTTP/1.1" 200 1513
"POST /graphql/ HTTP/1.1" 200 1513
"POST /graphql/ HTTP/1.1" 200 2055
"POST /graphql/ HTTP/1.1" 200 2055
"OPTIONS /graphql/ HTTP/1.1" 200 0
"OPTIONS /graphql/ HTTP/1.1" 200 0
"POST /graphql/ HTTP/1.1" 200 135
"POST /graphql/ HTTP/1.1" 200 135
"POST /graphql/ HTTP/1.1" 200 323
"POST /graphql/ HTTP/1.1" 200 271
"POST /graphql/ HTTP/1.1" 200 271
"POST /graphql/ HTTP/1.1" 200 839
"POST /graphql/ HTTP/1.1" 200 839
"POST /graphql/ HTTP/1.1" 200 73
"POST /graphql/ HTTP/1.1" 200 73
"POST /graphql/ HTTP/1.1" 200 1134
"POST /graphql/ HTTP/1.1" 200 540
"POST /graphql/ HTTP/1.1" 200 1134
"POST /graphql/ HTTP/1.1" 200 271
"POST /graphql/ HTTP/1.1" 200 271
"POST /graphql/ HTTP/1.1" 200 839
"POST /graphql/ HTTP/1.1" 200 839
"POST /graphql/ HTTP/1.1" 200 175
"POST /graphql/ HTTP/1.1" 200 175
"POST /graphql/ HTTP/1.1" 200 2318
"POST /graphql/ HTTP/1.1" 200 2318
"POST /graphql/ HTTP/1.1" 200 73
"POST /graphql/ HTTP/1.1" 200 73
"POST /graphql/ HTTP/1.1" 200 1134
"POST /graphql/ HTTP/1.1" 200 540
"POST /graphql/ HTTP/1.1" 200 123
"POST /graphql/ HTTP/1.1" 200 123
"POST /graphql/ HTTP/1.1" 200 841
"POST /graphql/ HTTP/1.1" 200 841
"POST /graphql/ HTTP/1.1" 200 1296
"POST /graphql/ HTTP/1.1" 200 132
"POST /graphql/ HTTP/1.1" 200 3077
"POST /graphql/ HTTP/1.1" 200 132
"POST /graphql/ HTTP/1.1" 200 3077
"POST /graphql/ HTTP/1.1" 200 902
"POST /graphql/ HTTP/1.1" 200 1638
"POST /graphql/ HTTP/1.1" 200 1638
"POST /graphql/ HTTP/1.1" 200 175
"POST /graphql/ HTTP/1.1" 200 175
"POST /graphql/ HTTP/1.1" 200 2318
"POST /graphql/ HTTP/1.1" 200 2318
"POST /graphql/ HTTP/1.1" 200 271
"POST /graphql/ HTTP/1.1" 200 271
"POST /graphql/ HTTP/1.1" 200 839
"POST /graphql/ HTTP/1.1" 200 839
"POST /graphql/ HTTP/1.1" 200 175
"POST /graphql/ HTTP/1.1" 200 175
"POST /graphql/ HTTP/1.1" 200 2318
"POST /graphql/ HTTP/1.1" 200 2318
"POST /graphql/ HTTP/1.1" 200 73
"POST /graphql/ HTTP/1.1" 200 73
"POST /graphql/ HTTP/1.1" 200 1134
"POST /graphql/ HTTP/1.1" 200 540
"POST /graphql/ HTTP/1.1" 200 123
"POST /graphql/ HTTP/1.1" 200 123
"POST /graphql/ HTTP/1.1" 200 841
"POST /graphql/ HTTP/1.1" 200 841
"POST /graphql/ HTTP/1.1" 200 1296
"POST /graphql/ HTTP/1.1" 200 132
"POST /graphql/ HTTP/1.1" 200 132
"POST /graphql/ HTTP/1.1" 200 3077
"POST /graphql/ HTTP/1.1" 200 3077
"POST /graphql/ HTTP/1.1" 200 902
"POST /graphql/ HTTP/1.1" 200 1638
"POST /graphql/ HTTP/1.1" 200 1638
"POST /graphql/ HTTP/1.1" 200 311
"POST /graphql/ HTTP/1.1" 200 311
"POST /graphql/ HTTP/1.1" 200 1638
"POST /graphql/ HTTP/1.1" 200 1638
"POST /graphql/ HTTP/1.1" 200 1638
"POST /graphql/ HTTP/1.1" 200 1638
"POST /graphql/ HTTP/1.1" 200 271
"POST /graphql/ HTTP/1.1" 200 271
"POST /graphql/ HTTP/1.1" 200 839
"POST /graphql/ HTTP/1.1" 200 839
"POST /graphql/ HTTP/1.1" 200 175
"POST /graphql/ HTTP/1.1" 200 175
"POST /graphql/ HTTP/1.1" 200 2318
"POST /graphql/ HTTP/1.1" 200 2318
"POST /graphql/ HTTP/1.1" 200 73
"POST /graphql/ HTTP/1.1" 200 73
"POST /graphql/ HTTP/1.1" 200 1134
"POST /graphql/ HTTP/1.1" 200 540
"POST /graphql/ HTTP/1.1" 200 1134
"POST /graphql/ HTTP/1.1" 200 123
"POST /graphql/ HTTP/1.1" 200 123
"POST /graphql/ HTTP/1.1" 200 841
"POST /graphql/ HTTP/1.1" 200 841
"POST /graphql/ HTTP/1.1" 200 1296
"POST /graphql/ HTTP/1.1" 200 132
"POST /graphql/ HTTP/1.1" 200 132
"POST /graphql/ HTTP/1.1" 200 3077
"POST /graphql/ HTTP/1.1" 200 3077
"POST /graphql/ HTTP/1.1" 200 902
"POST /graphql/ HTTP/1.1" 200 311
"POST /graphql/ HTTP/1.1" 200 311
"OPTIONS /graphql/ HTTP/1.1" 200 0
"POST /graphql/ HTTP/1.1" 200 319
"POST /graphql/ HTTP/1.1" 200 1513
"POST /graphql/ HTTP/1.1" 200 1513
"POST /graphql/ HTTP/1.1" 200 824
"POST /graphql/ HTTP/1.1" 200 824
"POST /graphql/ HTTP/1.1" 200 1914
"POST /graphql/ HTTP/1.1" 200 1914
"POST /graphql/ HTTP/1.1" 200 327
"POST /graphql/ HTTP/1.1" 200 266
"POST /graphql/ HTTP/1.1" 200 266
"POST /graphql/ HTTP/1.1" 200 385
"POST /graphql/ HTTP/1.1" 200 385
"POST /graphql/ HTTP/1.1" 200 920
"POST /graphql/ HTTP/1.1" 200 920
"POST /graphql/ HTTP/1.1" 200 159
"POST /graphql/ HTTP/1.1" 200 159
"POST /graphql/ HTTP/1.1" 200 2432
"POST /graphql/ HTTP/1.1" 200 2432
"POST /graphql/ HTTP/1.1" 200 129
"POST /graphql/ HTTP/1.1" 200 129
"POST /graphql/ HTTP/1.1" 200 1336
"POST /graphql/ HTTP/1.1" 200 323
"POST /graphql/ HTTP/1.1" 200 271
"POST /graphql/ HTTP/1.1" 200 271
"POST /graphql/ HTTP/1.1" 200 839
"POST /graphql/ HTTP/1.1" 200 839
"POST /graphql/ HTTP/1.1" 200 175
"POST /graphql/ HTTP/1.1" 200 175
"POST /graphql/ HTTP/1.1" 200 2318
"POST /graphql/ HTTP/1.1" 200 2318
"POST /graphql/ HTTP/1.1" 200 123
"POST /graphql/ HTTP/1.1" 200 123
"POST /graphql/ HTTP/1.1" 200 841
"POST /graphql/ HTTP/1.1" 200 841
"POST /graphql/ HTTP/1.1" 200 1296
"POST /graphql/ HTTP/1.1" 200 496
"POST /graphql/ HTTP/1.1" 200 29
"POST /graphql/ HTTP/1.1" 200 29
"POST /graphql/ HTTP/1.1" 200 346
"POST /graphql/ HTTP/1.1" 200 319
"POST /graphql/ HTTP/1.1" 200 1513
"POST /graphql/ HTTP/1.1" 200 1513
"POST /graphql/ HTTP/1.1" 200 1746
"POST /graphql/ HTTP/1.1" 200 1746
"POST /graphql/ HTTP/1.1" 200 930
"POST /graphql/ HTTP/1.1" 200 1746
"POST /graphql/ HTTP/1.1" 200 824
"POST /graphql/ HTTP/1.1" 200 824
E:\Dev\Zee\SIMS_Backend\core\schema\core_schema.py changed, reloading.
Watching for file changes with StatReloader
E:\Dev\Zee\SIMS_Backend\core\schema\__init__.py changed, reloading.
Watching for file changes with StatReloader
E:\Dev\Zee\SIMS_Backend\core\mutations\core_mutations.py changed, reloading.
Watching for file changes with StatReloader
"POST /graphql/ HTTP/1.1" 200 824
"POST /graphql/ HTTP/1.1" 200 824
"POST /graphql/ HTTP/1.1" 200 408
"POST /graphql/ HTTP/1.1" 200 408
"POST /graphql/ HTTP/1.1" 200 408
E:\Dev\Zee\SIMS_Backend\core\models\core_models.py changed, reloading.
Watching for file changes with StatReloader
E:\Dev\Zee\SIMS_Backend\core\models\__init__.py changed, reloading.
Watching for file changes with StatReloader
E:\Dev\Zee\SIMS_Backend\core\schema\core_schema.py changed, reloading.
Watching for file changes with StatReloader
E:\Dev\Zee\SIMS_Backend\core\queries\core_queries.py changed, reloading.
Watching for file changes with StatReloader
E:\Dev\Zee\SIMS_Backend\core\mutations\core_mutations.py changed, reloading.
Watching for file changes with StatReloader
E:\Dev\Zee\SIMS_Backend\core\mutations\core_mutations.py changed, reloading.
Watching for file changes with StatReloader
"POST /graphql/ HTTP/1.1" 200 408
"POST /graphql/ HTTP/1.1" 200 299
"POST /graphql/ HTTP/1.1" 200 408
"POST /graphql/ HTTP/1.1" 200 299
"POST /graphql/ HTTP/1.1" 200 266
"POST /graphql/ HTTP/1.1" 200 408
"POST /graphql/ HTTP/1.1" 200 759
"POST /graphql/ HTTP/1.1" 200 223
"POST /graphql/ HTTP/1.1" 200 408
"POST /graphql/ HTTP/1.1" 200 885
"POST /graphql/ HTTP/1.1" 200 83
E:\Dev\Zee\SIMS_Backend\core\models\core_models.py changed, reloading.
Watching for file changes with StatReloader
E:\Dev\Zee\SIMS_Backend\core\schema\core_schema.py changed, reloading.
Watching for file changes with StatReloader
"POST /graphql/ HTTP/1.1" 200 86
"POST /graphql/ HTTP/1.1" 200 86
"POST /graphql/ HTTP/1.1" 200 86
"POST /graphql/ HTTP/1.1" 200 29
"POST /graphql/ HTTP/1.1" 200 408
"POST /graphql/ HTTP/1.1" 200 29
"POST /graphql/ HTTP/1.1" 200 408
"POST /graphql/ HTTP/1.1" 200 202
"POST /graphql/ HTTP/1.1" 200 202
"POST /graphql/ HTTP/1.1" 200 201
"POST /graphql/ HTTP/1.1" 200 203
"POST /graphql/ HTTP/1.1" 200 202
"POST /graphql/ HTTP/1.1" 200 406
"POST /graphql/ HTTP/1.1" 200 225
"POST /graphql/ HTTP/1.1" 200 451
"POST /graphql/ HTTP/1.1" 200 341
"POST /graphql/ HTTP/1.1" 200 341
"POST /graphql/ HTTP/1.1" 200 801
"POST /graphql/ HTTP/1.1" 200 801
"POST /graphql/ HTTP/1.1" 200 2065
"POST /graphql/ HTTP/1.1" 200 2065
E:\Dev\Zee\SIMS_Backend\academics\models\academics_models.py changed, reloading.
Watching for file changes with StatReloader
E:\Dev\Zee\SIMS_Backend\academics\schema\academics_schema.py changed, reloading.
Watching for file changes with StatReloader
E:\Dev\Zee\SIMS_Backend\academics\schema\academics_schema.py changed, reloading.
Watching for file changes with StatReloader
E:\Dev\Zee\SIMS_Backend\academics\mutations\academics_mutations.py changed, reloading.
Watching for file changes with StatReloader
"POST /graphql/ HTTP/1.1" 200 2107
"POST /graphql/ HTTP/1.1" 200 801
"POST /graphql/ HTTP/1.1" 200 341
"POST /graphql/ HTTP/1.1" 200 801
"POST /graphql/ HTTP/1.1" 200 341
"POST /graphql/ HTTP/1.1" 200 2327
"POST /graphql/ HTTP/1.1" 200 2327
"POST /graphql/ HTTP/1.1" 200 341
"POST /graphql/ HTTP/1.1" 200 801
"POST /graphql/ HTTP/1.1" 200 801
"POST /graphql/ HTTP/1.1" 200 341
E:\Dev\Zee\SIMS_Backend\core\models\core_models.py changed, reloading.
Watching for file changes with StatReloader
E:\Dev\Zee\SIMS_Backend\core\schema\core_schema.py changed, reloading.
Watching for file changes with StatReloader
E:\Dev\Zee\SIMS_Backend\core\mutations\core_mutations.py changed, reloading.
Watching for file changes with StatReloader
"OPTIONS /graphql/ HTTP/1.1" 200 0
"OPTIONS /graphql/ HTTP/1.1" 200 0
"POST /graphql/ HTTP/1.1" 200 395
"POST /graphql/ HTTP/1.1" 200 801
"POST /graphql/ HTTP/1.1" 200 200
"POST /graphql/ HTTP/1.1" 200 253
"POST /graphql/ HTTP/1.1" 200 253
"POST /graphql/ HTTP/1.1" 200 200
"POST /graphql/ HTTP/1.1" 200 253
"POST /graphql/ HTTP/1.1" 200 253
"POST /graphql/ HTTP/1.1" 200 200
"POST /graphql/ HTTP/1.1" 200 405
"POST /graphql/ HTTP/1.1" 200 410
"POST /graphql/ HTTP/1.1" 200 2850
"POST /graphql/ HTTP/1.1" 200 2850
"POST /graphql/ HTTP/1.1" 200 195
"POST /graphql/ HTTP/1.1" 200 3045
"POST /graphql/ HTTP/1.1" 200 1864
"POST /graphql/ HTTP/1.1" 200 1864
"POST /graphql/ HTTP/1.1" 200 1048
"POST /graphql/ HTTP/1.1" 200 1864
"POST /graphql/ HTTP/1.1" 200 3045
"POST /graphql/ HTTP/1.1" 200 3045
"POST /graphql/ HTTP/1.1" 200 192
"POST /graphql/ HTTP/1.1" 200 3237
"POST /graphql/ HTTP/1.1" 200 1061
"POST /graphql/ HTTP/1.1" 200 1061
"POST /graphql/ HTTP/1.1" 200 388
"POST /graphql/ HTTP/1.1" 200 1290
"POST /graphql/ HTTP/1.1" 200 3391
"POST /graphql/ HTTP/1.1" 200 3391
"POST /graphql/ HTTP/1.1" 200 86
"POST /graphql/ HTTP/1.1" 200 3731
"POST /graphql/ HTTP/1.1" 200 2855
"POST /graphql/ HTTP/1.1" 200 2855
"POST /graphql/ HTTP/1.1" 200 2039
"POST /graphql/ HTTP/1.1" 200 2855
"POST /graphql/ HTTP/1.1" 200 2855
"POST /graphql/ HTTP/1.1" 200 2039
"POST /graphql/ HTTP/1.1" 200 2855
"POST /graphql/ HTTP/1.1" 200 2855
"POST /graphql/ HTTP/1.1" 200 2855
"POST /graphql/ HTTP/1.1" 200 2039
"POST /graphql/ HTTP/1.1" 200 323
"POST /graphql/ HTTP/1.1" 200 271
"POST /graphql/ HTTP/1.1" 200 271
"POST /graphql/ HTTP/1.1" 200 839
"POST /graphql/ HTTP/1.1" 200 839
"POST /graphql/ HTTP/1.1" 200 123
"POST /graphql/ HTTP/1.1" 200 123
"POST /graphql/ HTTP/1.1" 200 841
"POST /graphql/ HTTP/1.1" 200 841
"POST /graphql/ HTTP/1.1" 200 1297
"POST /graphql/ HTTP/1.1" 200 73
"POST /graphql/ HTTP/1.1" 200 73
"POST /graphql/ HTTP/1.1" 200 1134
"POST /graphql/ HTTP/1.1" 200 540
"POST /graphql/ HTTP/1.1" 200 1134
"POST /graphql/ HTTP/1.1" 200 327
"POST /graphql/ HTTP/1.1" 200 267
"POST /graphql/ HTTP/1.1" 200 267
"POST /graphql/ HTTP/1.1" 200 920
"POST /graphql/ HTTP/1.1" 200 385
"POST /graphql/ HTTP/1.1" 200 920
"POST /graphql/ HTTP/1.1" 200 385
"POST /graphql/ HTTP/1.1" 200 118
"POST /graphql/ HTTP/1.1" 200 118
"POST /graphql/ HTTP/1.1" 200 1356
"POST /graphql/ HTTP/1.1" 200 1356
"POST /graphql/ HTTP/1.1" 200 540
"POST /graphql/ HTTP/1.1" 200 1356
"POST /graphql/ HTTP/1.1" 200 130
"POST /graphql/ HTTP/1.1" 200 130
"POST /graphql/ HTTP/1.1" 200 1336
"POST /graphql/ HTTP/1.1" 200 323
"POST /graphql/ HTTP/1.1" 200 271
"POST /graphql/ HTTP/1.1" 200 271
"POST /graphql/ HTTP/1.1" 200 839
"POST /graphql/ HTTP/1.1" 200 839
"POST /graphql/ HTTP/1.1" 200 123
"POST /graphql/ HTTP/1.1" 200 123
"POST /graphql/ HTTP/1.1" 200 841
"POST /graphql/ HTTP/1.1" 200 841
"POST /graphql/ HTTP/1.1" 200 1297
"POST /graphql/ HTTP/1.1" 200 496
"POST /graphql/ HTTP/1.1" 200 29
E:\Dev\Zee\SIMS_Backend\academics\mutations\academics_mutations.py changed, reloading.
Watching for file changes with StatReloader
"POST /graphql/ HTTP/1.1" 200 123
"POST /graphql/ HTTP/1.1" 200 123
"POST /graphql/ HTTP/1.1" 200 841
"POST /graphql/ HTTP/1.1" 200 841
"POST /graphql/ HTTP/1.1" 200 1297
"POST /graphql/ HTTP/1.1" 200 496
"POST /graphql/ HTTP/1.1" 200 209
"POST /graphql/ HTTP/1.1" 200 327
"POST /graphql/ HTTP/1.1" 200 267
"POST /graphql/ HTTP/1.1" 200 267
"POST /graphql/ HTTP/1.1" 200 385
"POST /graphql/ HTTP/1.1" 200 920
"POST /graphql/ HTTP/1.1" 200 920
"POST /graphql/ HTTP/1.1" 200 385
"POST /graphql/ HTTP/1.1" 200 130
"POST /graphql/ HTTP/1.1" 200 130
"POST /graphql/ HTTP/1.1" 200 1335
"POST /graphql/ HTTP/1.1" 200 267
"POST /graphql/ HTTP/1.1" 200 267
"POST /graphql/ HTTP/1.1" 200 920
"POST /graphql/ HTTP/1.1" 200 385
"POST /graphql/ HTTP/1.1" 200 920
"POST /graphql/ HTTP/1.1" 200 385
"POST /graphql/ HTTP/1.1" 200 160
"POST /graphql/ HTTP/1.1" 200 160
"POST /graphql/ HTTP/1.1" 200 2868
"POST /graphql/ HTTP/1.1" 200 2868
"OPTIONS /graphql/ HTTP/1.1" 200 0
"POST /graphql/ HTTP/1.1" 200 319
"POST /graphql/ HTTP/1.1" 200 1705
"POST /graphql/ HTTP/1.1" 200 1705
"POST /graphql/ HTTP/1.1" 200 2248
"POST /graphql/ HTTP/1.1" 200 2248
"POST /graphql/ HTTP/1.1" 200 738
"POST /graphql/ HTTP/1.1" 200 738
"POST /graphql/ HTTP/1.1" 200 2248
"POST /graphql/ HTTP/1.1" 200 2248
"POST /graphql/ HTTP/1.1" 200 1705
"POST /graphql/ HTTP/1.1" 200 1705
E:\Dev\Zee\SIMS_Backend\core\schema\core_schema.py changed, reloading.
Watching for file changes with StatReloader
E:\Dev\Zee\SIMS_Backend\core\mutations\core_mutations.py changed, reloading.
Watching for file changes with StatReloader
E:\Dev\Zee\SIMS_Backend\core\mutations\core_mutations.py changed, reloading.
Watching for file changes with StatReloader
"POST /graphql/ HTTP/1.1" 200 755
"POST /graphql/ HTTP/1.1" 200 755
"POST /graphql/ HTTP/1.1" 200 755
E:\Dev\Zee\SIMS_Backend\academics\queries\academics_queries.py changed, reloading.
Watching for file changes with StatReloader
"POST /graphql/ HTTP/1.1" 200 319
"POST /graphql/ HTTP/1.1" 200 1705
"POST /graphql/ HTTP/1.1" 200 1705
"POST /graphql/ HTTP/1.1" 200 2286
"POST /graphql/ HTTP/1.1" 200 2286
"POST /graphql/ HTTP/1.1" 200 1765
"POST /graphql/ HTTP/1.1" 200 1765
"POST /graphql/ HTTP/1.1" 200 1765
"POST /graphql/ HTTP/1.1" 200 1765
"POST /graphql/ HTTP/1.1" 200 2286
"POST /graphql/ HTTP/1.1" 200 2286
Watching for file changes with StatReloader
"OPTIONS /graphql/ HTTP/1.1" 200 0
"POST /graphql/ HTTP/1.1" 200 319
"POST /graphql/ HTTP/1.1" 200 1705
"POST /graphql/ HTTP/1.1" 200 1705
"POST /graphql/ HTTP/1.1" 200 1290
"POST /graphql/ HTTP/1.1" 200 1290
"POST /graphql/ HTTP/1.1" 200 799
"POST /graphql/ HTTP/1.1" 200 1014
"POST /graphql/ HTTP/1.1" 200 799
"POST /graphql/ HTTP/1.1" 200 1014
"POST /graphql/ HTTP/1.1" 200 197
"POST /graphql/ HTTP/1.1" 200 197
"POST /graphql/ HTTP/1.1" 200 200
"POST /graphql/ HTTP/1.1" 200 3731
"POST /graphql/ HTTP/1.1" 200 3731
"POST /graphql/ HTTP/1.1" 200 2855
"POST /graphql/ HTTP/1.1" 200 2855
"POST /graphql/ HTTP/1.1" 200 2039
"POST /graphql/ HTTP/1.1" 200 2855
"POST /graphql/ HTTP/1.1" 200 28
"POST /graphql/ HTTP/1.1" 200 456
"POST /graphql/ HTTP/1.1" 200 921
"POST /graphql/ HTTP/1.1" 200 921
"POST /graphql/ HTTP/1.1" 200 28
"POST /graphql/ HTTP/1.1" 200 456
"POST /graphql/ HTTP/1.1" 200 880
"POST /graphql/ HTTP/1.1" 200 181
"POST /graphql/ HTTP/1.1" 200 43
"POST /graphql/ HTTP/1.1" 200 43
"POST /graphql/ HTTP/1.1" 200 36
"POST /graphql/ HTTP/1.1" 200 36
"POST /graphql/ HTTP/1.1" 200 43
"POST /graphql/ HTTP/1.1" 200 181
"POST /graphql/ HTTP/1.1" 200 43
"POST /graphql/ HTTP/1.1" 200 483
"POST /graphql/ HTTP/1.1" 200 379
"POST /graphql/ HTTP/1.1" 200 379
"POST /graphql/ HTTP/1.1" 200 483
"POST /graphql/ HTTP/1.1" 200 70
"POST /graphql/ HTTP/1.1" 200 71
"POST /graphql/ HTTP/1.1" 200 71
"POST /graphql/ HTTP/1.1" 200 69
"POST /graphql/ HTTP/1.1" 200 70
"POST /graphql/ HTTP/1.1" 200 71
"POST /graphql/ HTTP/1.1" 200 69
"POST /graphql/ HTTP/1.1" 200 71
"POST /graphql/ HTTP/1.1" 200 904
"POST /graphql/ HTTP/1.1" 200 96
"POST /graphql/ HTTP/1.1" 200 70
"POST /graphql/ HTTP/1.1" 200 2286
"POST /graphql/ HTTP/1.1" 200 2286
"POST /graphql/ HTTP/1.1" 200 1765
"POST /graphql/ HTTP/1.1" 200 2286
"POST /graphql/ HTTP/1.1" 200 2286
"POST /graphql/ HTTP/1.1" 200 1765
"POST /graphql/ HTTP/1.1" 200 2286
"POST /graphql/ HTTP/1.1" 200 1765
"POST /graphql/ HTTP/1.1" 200 1765
"POST /graphql/ HTTP/1.1" 200 2248
"POST /graphql/ HTTP/1.1" 200 2248
"POST /graphql/ HTTP/1.1" 200 863
"POST /graphql/ HTTP/1.1" 200 863
"POST /graphql/ HTTP/1.1" 200 2248
"POST /graphql/ HTTP/1.1" 200 2248
"POST /graphql/ HTTP/1.1" 200 738
"POST /graphql/ HTTP/1.1" 200 738
"POST /graphql/ HTTP/1.1" 200 2248
"POST /graphql/ HTTP/1.1" 200 2248
"POST /graphql/ HTTP/1.1" 200 135
"POST /graphql/ HTTP/1.1" 200 135
"POST /graphql/ HTTP/1.1" 200 323
"POST /graphql/ HTTP/1.1" 200 271
"POST /graphql/ HTTP/1.1" 200 271
"POST /graphql/ HTTP/1.1" 200 839
"POST /graphql/ HTTP/1.1" 200 839
"POST /graphql/ HTTP/1.1" 200 175
"POST /graphql/ HTTP/1.1" 200 175
"POST /graphql/ HTTP/1.1" 200 2320
"POST /graphql/ HTTP/1.1" 200 2320
"POST /graphql/ HTTP/1.1" 200 73
"POST /graphql/ HTTP/1.1" 200 73
"POST /graphql/ HTTP/1.1" 200 1134
"POST /graphql/ HTTP/1.1" 200 540
"POST /graphql/ HTTP/1.1" 200 1134
"POST /graphql/ HTTP/1.1" 200 123
"POST /graphql/ HTTP/1.1" 200 123
"POST /graphql/ HTTP/1.1" 200 841
"POST /graphql/ HTTP/1.1" 200 841
"POST /graphql/ HTTP/1.1" 200 1297
"POST /graphql/ HTTP/1.1" 200 347
"POST /graphql/ HTTP/1.1" 200 132
"POST /graphql/ HTTP/1.1" 200 132
"POST /graphql/ HTTP/1.1" 200 3077
"POST /graphql/ HTTP/1.1" 200 3077
"POST /graphql/ HTTP/1.1" 200 902
"POST /graphql/ HTTP/1.1" 200 141
"POST /graphql/ HTTP/1.1" 200 141
"POST /graphql/ HTTP/1.1" 200 141
"POST /graphql/ HTTP/1.1" 200 258
"POST /graphql/ HTTP/1.1" 200 3349
"POST /graphql/ HTTP/1.1" 200 311
"POST /graphql/ HTTP/1.1" 200 311
"POST /graphql/ HTTP/1.1" 200 904
"POST /graphql/ HTTP/1.1" 200 115
"POST /graphql/ HTTP/1.1" 200 69
"POST /graphql/ HTTP/1.1" 200 327
"POST /graphql/ HTTP/1.1" 200 267
"POST /graphql/ HTTP/1.1" 200 267
"POST /graphql/ HTTP/1.1" 200 920
"POST /graphql/ HTTP/1.1" 200 385
"POST /graphql/ HTTP/1.1" 200 920
"POST /graphql/ HTTP/1.1" 200 385
"POST /graphql/ HTTP/1.1" 200 160
"POST /graphql/ HTTP/1.1" 200 160
"POST /graphql/ HTTP/1.1" 200 2868
"POST /graphql/ HTTP/1.1" 200 2868
"POST /graphql/ HTTP/1.1" 200 267
"POST /graphql/ HTTP/1.1" 200 267
"POST /graphql/ HTTP/1.1" 200 385
"POST /graphql/ HTTP/1.1" 200 385
"POST /graphql/ HTTP/1.1" 200 920
"POST /graphql/ HTTP/1.1" 200 920
"POST /graphql/ HTTP/1.1" 200 160
"POST /graphql/ HTTP/1.1" 200 160
"POST /graphql/ HTTP/1.1" 200 2868
"POST /graphql/ HTTP/1.1" 200 2868
"POST /graphql/ HTTP/1.1" 200 130
"POST /graphql/ HTTP/1.1" 200 130
"POST /graphql/ HTTP/1.1" 200 1335
"POST /graphql/ HTTP/1.1" 200 118
"POST /graphql/ HTTP/1.1" 200 118
"POST /graphql/ HTTP/1.1" 200 1356
"POST /graphql/ HTTP/1.1" 200 1356
"POST /graphql/ HTTP/1.1" 200 540
"POST /graphql/ HTTP/1.1" 200 160
"POST /graphql/ HTTP/1.1" 200 160
"POST /graphql/ HTTP/1.1" 200 2868
"POST /graphql/ HTTP/1.1" 200 2868
"POST /graphql/ HTTP/1.1" 200 118
"POST /graphql/ HTTP/1.1" 200 118
"POST /graphql/ HTTP/1.1" 200 1356
"POST /graphql/ HTTP/1.1" 200 1356
"POST /graphql/ HTTP/1.1" 200 540
"POST /graphql/ HTTP/1.1" 200 1356
"POST /graphql/ HTTP/1.1" 200 130
"POST /graphql/ HTTP/1.1" 200 130
"POST /graphql/ HTTP/1.1" 200 1335
"POST /graphql/ HTTP/1.1" 200 75
"POST /graphql/ HTTP/1.1" 200 75
"POST /graphql/ HTTP/1.1" 200 756
"POST /graphql/ HTTP/1.1" 200 212
"POST /graphql/ HTTP/1.1" 200 553
"POST /graphql/ HTTP/1.1" 200 756
"POST /graphql/ HTTP/1.1" 200 323
"POST /graphql/ HTTP/1.1" 200 271
"POST /graphql/ HTTP/1.1" 200 271
"POST /graphql/ HTTP/1.1" 200 839
"POST /graphql/ HTTP/1.1" 200 839
"POST /graphql/ HTTP/1.1" 200 132
"POST /graphql/ HTTP/1.1" 200 132
"POST /graphql/ HTTP/1.1" 200 3349
"POST /graphql/ HTTP/1.1" 200 3349
"POST /graphql/ HTTP/1.1" 200 902
"POST /graphql/ HTTP/1.1" 200 36
"POST /graphql/ HTTP/1.1" 200 263
"POST /graphql/ HTTP/1.1" 200 43
"POST /graphql/ HTTP/1.1" 200 110
"POST /graphql/ HTTP/1.1" 200 149
"POST /graphql/ HTTP/1.1" 200 208
"POST /graphql/ HTTP/1.1" 200 149
"POST /graphql/ HTTP/1.1" 200 208
"POST /graphql/ HTTP/1.1" 200 319
"POST /graphql/ HTTP/1.1" 200 1818
"POST /graphql/ HTTP/1.1" 200 1818
"POST /graphql/ HTTP/1.1" 200 2248
"POST /graphql/ HTTP/1.1" 200 2248
"POST /graphql/ HTTP/1.1" 200 738
"POST /graphql/ HTTP/1.1" 200 738
"POST /graphql/ HTTP/1.1" 200 2248
"POST /graphql/ HTTP/1.1" 200 2248
"POST /graphql/ HTTP/1.1" 200 2730
"POST /graphql/ HTTP/1.1" 200 2730
"POST /graphql/ HTTP/1.1" 200 2248
"POST /graphql/ HTTP/1.1" 200 2248
"POST /graphql/ HTTP/1.1" 200 675
"POST /graphql/ HTTP/1.1" 200 675
"POST /graphql/ HTTP/1.1" 200 2248
"POST /graphql/ HTTP/1.1" 200 2248
"POST /graphql/ HTTP/1.1" 200 863
"POST /graphql/ HTTP/1.1" 200 863
"POST /graphql/ HTTP/1.1" 200 2248
"POST /graphql/ HTTP/1.1" 200 2248
"POST /graphql/ HTTP/1.1" 200 1818
"POST /graphql/ HTTP/1.1" 200 1818
Watching for file changes with StatReloader
Watching for file changes with StatReloader
"POST /graphql/ HTTP/1.1" 200 319
"OPTIONS /graphql/ HTTP/1.1" 200 0
"POST /graphql/ HTTP/1.1" 200 319
"POST /graphql/ HTTP/1.1" 200 1818
"POST /graphql/ HTTP/1.1" 200 1818
"POST /graphql/ HTTP/1.1" 200 2248
"POST /graphql/ HTTP/1.1" 200 2248
"POST /graphql/ HTTP/1.1" 200 738
"POST /graphql/ HTTP/1.1" 200 738
"POST /graphql/ HTTP/1.1" 200 2248
"POST /graphql/ HTTP/1.1" 200 2248
"POST /graphql/ HTTP/1.1" 200 675
"POST /graphql/ HTTP/1.1" 200 675
"POST /graphql/ HTTP/1.1" 200 2248
"POST /graphql/ HTTP/1.1" 200 2248
"POST /graphql/ HTTP/1.1" 200 738
"POST /graphql/ HTTP/1.1" 200 738
"POST /graphql/ HTTP/1.1" 200 2248
"POST /graphql/ HTTP/1.1" 200 2248
"POST /graphql/ HTTP/1.1" 200 1818
"POST /graphql/ HTTP/1.1" 200 1818
"POST /graphql/ HTTP/1.1" 200 1290
"POST /graphql/ HTTP/1.1" 200 1290
"POST /graphql/ HTTP/1.1" 200 799
"POST /graphql/ HTTP/1.1" 200 1014
"POST /graphql/ HTTP/1.1" 200 799
"POST /graphql/ HTTP/1.1" 200 1014
"POST /graphql/ HTTP/1.1" 200 3731
"POST /graphql/ HTTP/1.1" 200 3731
"POST /graphql/ HTTP/1.1" 200 2855
"POST /graphql/ HTTP/1.1" 200 2855
"POST /graphql/ HTTP/1.1" 200 2039
"POST /graphql/ HTTP/1.1" 200 2855
"POST /graphql/ HTTP/1.1" 200 28
"POST /graphql/ HTTP/1.1" 200 28
"POST /graphql/ HTTP/1.1" 200 456
"POST /graphql/ HTTP/1.1" 200 921
"POST /graphql/ HTTP/1.1" 200 921
"POST /graphql/ HTTP/1.1" 200 456
"POST /graphql/ HTTP/1.1" 200 379
"POST /graphql/ HTTP/1.1" 200 379
"POST /graphql/ HTTP/1.1" 200 483
"POST /graphql/ HTTP/1.1" 200 483
"POST /graphql/ HTTP/1.1" 200 70
"POST /graphql/ HTTP/1.1" 200 70
"POST /graphql/ HTTP/1.1" 200 69
"POST /graphql/ HTTP/1.1" 200 71
"POST /graphql/ HTTP/1.1" 200 70
"POST /graphql/ HTTP/1.1" 200 69
"POST /graphql/ HTTP/1.1" 200 70
"POST /graphql/ HTTP/1.1" 200 71
"POST /graphql/ HTTP/1.1" 200 2286
"POST /graphql/ HTTP/1.1" 200 2286
"POST /graphql/ HTTP/1.1" 200 1765
"POST /graphql/ HTTP/1.1" 200 2286
"POST /graphql/ HTTP/1.1" 200 2248
"POST /graphql/ HTTP/1.1" 200 2248
"POST /graphql/ HTTP/1.1" 200 738
"POST /graphql/ HTTP/1.1" 200 738
Watching for file changes with StatReloader
"OPTIONS /graphql/ HTTP/1.1" 200 0
"POST /graphql/ HTTP/1.1" 200 319
"POST /graphql/ HTTP/1.1" 200 1818
"POST /graphql/ HTTP/1.1" 200 1818
"POST /graphql/ HTTP/1.1" 200 1290
"POST /graphql/ HTTP/1.1" 200 1290
"POST /graphql/ HTTP/1.1" 200 799
"POST /graphql/ HTTP/1.1" 200 1014
"POST /graphql/ HTTP/1.1" 200 799
"POST /graphql/ HTTP/1.1" 200 1014
"POST /graphql/ HTTP/1.1" 200 3731
"POST /graphql/ HTTP/1.1" 200 3731
"POST /graphql/ HTTP/1.1" 200 2855
"POST /graphql/ HTTP/1.1" 200 2855
"POST /graphql/ HTTP/1.1" 200 2039
"POST /graphql/ HTTP/1.1" 200 2855
"POST /graphql/ HTTP/1.1" 200 28
"POST /graphql/ HTTP/1.1" 200 921
"POST /graphql/ HTTP/1.1" 200 456
"POST /graphql/ HTTP/1.1" 200 28
"POST /graphql/ HTTP/1.1" 200 921
"POST /graphql/ HTTP/1.1" 200 456
"POST /graphql/ HTTP/1.1" 200 379
"POST /graphql/ HTTP/1.1" 200 379
"POST /graphql/ HTTP/1.1" 200 483
"POST /graphql/ HTTP/1.1" 200 483
"POST /graphql/ HTTP/1.1" 200 71
"POST /graphql/ HTTP/1.1" 200 69
"POST /graphql/ HTTP/1.1" 200 70
"POST /graphql/ HTTP/1.1" 200 70
"POST /graphql/ HTTP/1.1" 200 70
"POST /graphql/ HTTP/1.1" 200 70
"POST /graphql/ HTTP/1.1" 200 69
"POST /graphql/ HTTP/1.1" 200 71
"POST /graphql/ HTTP/1.1" 200 2286
"POST /graphql/ HTTP/1.1" 200 2286
"POST /graphql/ HTTP/1.1" 200 1765
"POST /graphql/ HTTP/1.1" 200 921
"POST /graphql/ HTTP/1.1" 200 921
"POST /graphql/ HTTP/1.1" 200 28
"POST /graphql/ HTTP/1.1" 200 456
"POST /graphql/ HTTP/1.1" 200 28
"POST /graphql/ HTTP/1.1" 200 456
"POST /graphql/ HTTP/1.1" 200 181
"POST /graphql/ HTTP/1.1" 200 43
"POST /graphql/ HTTP/1.1" 200 43
"POST /graphql/ HTTP/1.1" 200 36
"POST /graphql/ HTTP/1.1" 200 36
"POST /graphql/ HTTP/1.1" 200 43
"POST /graphql/ HTTP/1.1" 200 36
"POST /graphql/ HTTP/1.1" 200 43
"POST /graphql/ HTTP/1.1" 200 181
"POST /graphql/ HTTP/1.1" 200 43
"POST /graphql/ HTTP/1.1" 200 286
"POST /graphql/ HTTP/1.1" 200 1818
"POST /graphql/ HTTP/1.1" 200 1818
"POST /graphql/ HTTP/1.1" 200 1290
"POST /graphql/ HTTP/1.1" 200 1290
"POST /graphql/ HTTP/1.1" 200 135
"POST /graphql/ HTTP/1.1" 200 135
"POST /graphql/ HTTP/1.1" 200 2286
"POST /graphql/ HTTP/1.1" 200 2286
"POST /graphql/ HTTP/1.1" 200 1765
"POST /graphql/ HTTP/1.1" 200 2248
"POST /graphql/ HTTP/1.1" 200 2248
"POST /graphql/ HTTP/1.1" 200 1818
"POST /graphql/ HTTP/1.1" 200 1818
"POST /graphql/ HTTP/1.1" 200 1290
"POST /graphql/ HTTP/1.1" 200 1290
"POST /graphql/ HTTP/1.1" 200 799
"POST /graphql/ HTTP/1.1" 200 799
"POST /graphql/ HTTP/1.1" 200 1014
"POST /graphql/ HTTP/1.1" 200 1014
"POST /graphql/ HTTP/1.1" 200 1290
"POST /graphql/ HTTP/1.1" 200 1290
"POST /graphql/ HTTP/1.1" 200 799
"POST /graphql/ HTTP/1.1" 200 799
"POST /graphql/ HTTP/1.1" 200 1014
"POST /graphql/ HTTP/1.1" 200 1014
"POST /graphql/ HTTP/1.1" 200 1290
"POST /graphql/ HTTP/1.1" 200 1290
"POST /graphql/ HTTP/1.1" 200 1014
"POST /graphql/ HTTP/1.1" 200 799
"POST /graphql/ HTTP/1.1" 200 799
"POST /graphql/ HTTP/1.1" 200 1014
"POST /graphql/ HTTP/1.1" 200 3731
"POST /graphql/ HTTP/1.1" 200 3731
"POST /graphql/ HTTP/1.1" 200 2855
"POST /graphql/ HTTP/1.1" 200 2855
"POST /graphql/ HTTP/1.1" 200 2039
"POST /graphql/ HTTP/1.1" 200 2855
"POST /graphql/ HTTP/1.1" 200 921
"POST /graphql/ HTTP/1.1" 200 456
"POST /graphql/ HTTP/1.1" 200 456
"POST /graphql/ HTTP/1.1" 200 28
"POST /graphql/ HTTP/1.1" 200 921
"POST /graphql/ HTTP/1.1" 200 28
"POST /graphql/ HTTP/1.1" 200 483
"POST /graphql/ HTTP/1.1" 200 379
"POST /graphql/ HTTP/1.1" 200 379
"POST /graphql/ HTTP/1.1" 200 483
"POST /graphql/ HTTP/1.1" 200 70
"POST /graphql/ HTTP/1.1" 200 71
"POST /graphql/ HTTP/1.1" 200 70
"POST /graphql/ HTTP/1.1" 200 70
"POST /graphql/ HTTP/1.1" 200 69
"POST /graphql/ HTTP/1.1" 200 71
"POST /graphql/ HTTP/1.1" 200 70
"POST /graphql/ HTTP/1.1" 200 69
"POST /graphql/ HTTP/1.1" 200 2286
"POST /graphql/ HTTP/1.1" 200 2286
"POST /graphql/ HTTP/1.1" 200 1765
"POST /graphql/ HTTP/1.1" 200 379
"POST /graphql/ HTTP/1.1" 200 483
"POST /graphql/ HTTP/1.1" 200 379
"POST /graphql/ HTTP/1.1" 200 483
"POST /graphql/ HTTP/1.1" 200 71
"POST /graphql/ HTTP/1.1" 200 70
"POST /graphql/ HTTP/1.1" 200 69
"POST /graphql/ HTTP/1.1" 200 70
"POST /graphql/ HTTP/1.1" 200 69
"POST /graphql/ HTTP/1.1" 200 70
"POST /graphql/ HTTP/1.1" 200 71
"POST /graphql/ HTTP/1.1" 200 70
"POST /graphql/ HTTP/1.1" 200 921
"POST /graphql/ HTTP/1.1" 200 921
"POST /graphql/ HTTP/1.1" 200 456
"POST /graphql/ HTTP/1.1" 200 28
"POST /graphql/ HTTP/1.1" 200 28
"POST /graphql/ HTTP/1.1" 200 456
"POST /graphql/ HTTP/1.1" 200 880
"POST /graphql/ HTTP/1.1" 200 2855
"POST /graphql/ HTTP/1.1" 200 2855
"POST /graphql/ HTTP/1.1" 200 2039
"POST /graphql/ HTTP/1.1" 200 921
"POST /graphql/ HTTP/1.1" 200 456
"POST /graphql/ HTTP/1.1" 200 456
"POST /graphql/ HTTP/1.1" 200 921
"POST /graphql/ HTTP/1.1" 200 28
"POST /graphql/ HTTP/1.1" 200 28
"POST /graphql/ HTTP/1.1" 200 379
"POST /graphql/ HTTP/1.1" 200 483
"POST /graphql/ HTTP/1.1" 200 379
"POST /graphql/ HTTP/1.1" 200 483
"POST /graphql/ HTTP/1.1" 200 70
"POST /graphql/ HTTP/1.1" 200 71
"POST /graphql/ HTTP/1.1" 200 70
"POST /graphql/ HTTP/1.1" 200 70
"POST /graphql/ HTTP/1.1" 200 69
"POST /graphql/ HTTP/1.1" 200 69
"POST /graphql/ HTTP/1.1" 200 71
"POST /graphql/ HTTP/1.1" 200 70
"POST /graphql/ HTTP/1.1" 200 2286
"POST /graphql/ HTTP/1.1" 200 2286
"POST /graphql/ HTTP/1.1" 200 1765
"POST /graphql/ HTTP/1.1" 200 1765
"POST /graphql/ HTTP/1.1" 200 2286
"POST /graphql/ HTTP/1.1" 200 1765
"POST /graphql/ HTTP/1.1" 200 2286
"POST /graphql/ HTTP/1.1" 200 2286
"POST /graphql/ HTTP/1.1" 200 1765
"POST /graphql/ HTTP/1.1" 200 2286
"POST /graphql/ HTTP/1.1" 200 2286
"POST /graphql/ HTTP/1.1" 200 2248
"POST /graphql/ HTTP/1.1" 200 2248
"POST /graphql/ HTTP/1.1" 200 738
"POST /graphql/ HTTP/1.1" 200 738
"POST /graphql/ HTTP/1.1" 200 2248
"POST /graphql/ HTTP/1.1" 200 2248
"POST /graphql/ HTTP/1.1" 200 738
"POST /graphql/ HTTP/1.1" 200 738
"POST /graphql/ HTTP/1.1" 200 2248
"POST /graphql/ HTTP/1.1" 200 2248
"POST /graphql/ HTTP/1.1" 200 135
"POST /graphql/ HTTP/1.1" 200 135
"POST /graphql/ HTTP/1.1" 200 102
"POST /graphql/ HTTP/1.1" 200 323
"POST /graphql/ HTTP/1.1" 200 271
"POST /graphql/ HTTP/1.1" 200 271
"POST /graphql/ HTTP/1.1" 200 839
"POST /graphql/ HTTP/1.1" 200 839
"POST /graphql/ HTTP/1.1" 200 175
"POST /graphql/ HTTP/1.1" 200 175
"POST /graphql/ HTTP/1.1" 200 2320
"POST /graphql/ HTTP/1.1" 200 2320
"POST /graphql/ HTTP/1.1" 200 190
"POST /graphql/ HTTP/1.1" 200 2321
"POST /graphql/ HTTP/1.1" 200 190
"POST /graphql/ HTTP/1.1" 200 2320
"POST /graphql/ HTTP/1.1" 200 190
"POST /graphql/ HTTP/1.1" 200 2321
"POST /graphql/ HTTP/1.1" 200 190
"POST /graphql/ HTTP/1.1" 200 2320
"POST /graphql/ HTTP/1.1" 200 271
"POST /graphql/ HTTP/1.1" 200 271
"POST /graphql/ HTTP/1.1" 200 839
"POST /graphql/ HTTP/1.1" 200 839
"POST /graphql/ HTTP/1.1" 200 175
"POST /graphql/ HTTP/1.1" 200 175
"POST /graphql/ HTTP/1.1" 200 2320
"POST /graphql/ HTTP/1.1" 200 2320
"POST /graphql/ HTTP/1.1" 200 73
"POST /graphql/ HTTP/1.1" 200 73
"POST /graphql/ HTTP/1.1" 200 1134
"POST /graphql/ HTTP/1.1" 200 540
"POST /graphql/ HTTP/1.1" 200 1134
"POST /graphql/ HTTP/1.1" 200 123
"POST /graphql/ HTTP/1.1" 200 123
"POST /graphql/ HTTP/1.1" 200 841
"POST /graphql/ HTTP/1.1" 200 841
"POST /graphql/ HTTP/1.1" 200 1297
"POST /graphql/ HTTP/1.1" 200 495
"POST /graphql/ HTTP/1.1" 200 29
"POST /graphql/ HTTP/1.1" 200 29
"POST /graphql/ HTTP/1.1" 200 347
"POST /graphql/ HTTP/1.1" 200 132
"POST /graphql/ HTTP/1.1" 200 132
"POST /graphql/ HTTP/1.1" 200 28
"POST /graphql/ HTTP/1.1" 200 902
"POST /graphql/ HTTP/1.1" 200 28
"POST /graphql/ HTTP/1.1" 200 263
"POST /graphql/ HTTP/1.1" 200 149
"POST /graphql/ HTTP/1.1" 200 43
"POST /graphql/ HTTP/1.1" 200 311
"POST /graphql/ HTTP/1.1" 200 311
"POST /graphql/ HTTP/1.1" 200 327
"POST /graphql/ HTTP/1.1" 200 267
"POST /graphql/ HTTP/1.1" 200 267
"POST /graphql/ HTTP/1.1" 200 385
"POST /graphql/ HTTP/1.1" 200 385
"POST /graphql/ HTTP/1.1" 200 1011
"POST /graphql/ HTTP/1.1" 200 1011
"POST /graphql/ HTTP/1.1" 200 160
"POST /graphql/ HTTP/1.1" 200 160
"POST /graphql/ HTTP/1.1" 200 2868
"POST /graphql/ HTTP/1.1" 200 2868
"POST /graphql/ HTTP/1.1" 200 267
"POST /graphql/ HTTP/1.1" 200 267
"POST /graphql/ HTTP/1.1" 200 1011
"POST /graphql/ HTTP/1.1" 200 385
"POST /graphql/ HTTP/1.1" 200 385
"POST /graphql/ HTTP/1.1" 200 1011
"POST /graphql/ HTTP/1.1" 200 414
"POST /graphql/ HTTP/1.1" 200 414
"POST /graphql/ HTTP/1.1" 200 267
"POST /graphql/ HTTP/1.1" 200 267
"POST /graphql/ HTTP/1.1" 200 385
"POST /graphql/ HTTP/1.1" 200 1011
"POST /graphql/ HTTP/1.1" 200 385
"POST /graphql/ HTTP/1.1" 200 1011
"POST /graphql/ HTTP/1.1" 200 160
"POST /graphql/ HTTP/1.1" 200 160
"POST /graphql/ HTTP/1.1" 200 2868
"POST /graphql/ HTTP/1.1" 200 2868
"POST /graphql/ HTTP/1.1" 200 118
"POST /graphql/ HTTP/1.1" 200 118
"POST /graphql/ HTTP/1.1" 200 1356
"POST /graphql/ HTTP/1.1" 200 1356
"POST /graphql/ HTTP/1.1" 200 540
"POST /graphql/ HTTP/1.1" 200 1356
"POST /graphql/ HTTP/1.1" 200 130
"POST /graphql/ HTTP/1.1" 200 130
"POST /graphql/ HTTP/1.1" 200 1335
"POST /graphql/ HTTP/1.1" 200 75
"POST /graphql/ HTTP/1.1" 200 75
"POST /graphql/ HTTP/1.1" 200 384
"POST /graphql/ HTTP/1.1" 200 961
"POST /graphql/ HTTP/1.1" 200 553
"POST /graphql/ HTTP/1.1" 200 961
"POST /graphql/ HTTP/1.1" 200 267
"POST /graphql/ HTTP/1.1" 200 267
"POST /graphql/ HTTP/1.1" 200 385
"POST /graphql/ HTTP/1.1" 200 385
"POST /graphql/ HTTP/1.1" 200 1011
"POST /graphql/ HTTP/1.1" 200 1011
E:\Dev\Zee\SIMS_Backend\core\models\core_models.py changed, reloading.
Watching for file changes with StatReloader
"POST /graphql/ HTTP/1.1" 200 267
"POST /graphql/ HTTP/1.1" 200 267
"POST /graphql/ HTTP/1.1" 200 385
"POST /graphql/ HTTP/1.1" 200 1011
"POST /graphql/ HTTP/1.1" 200 1011
"POST /graphql/ HTTP/1.1" 200 385
"OPTIONS /graphql/ HTTP/1.1" 200 0
"POST /graphql/ HTTP/1.1" 200 319
"POST /graphql/ HTTP/1.1" 200 994
"POST /graphql/ HTTP/1.1" 200 994
"POST /graphql/ HTTP/1.1" 200 1183
"POST /graphql/ HTTP/1.1" 200 1183
"POST /graphql/ HTTP/1.1" 200 337
"POST /graphql/ HTTP/1.1" 200 102
"POST /graphql/ HTTP/1.1" 200 319
"POST /graphql/ HTTP/1.1" 200 1086
"POST /graphql/ HTTP/1.1" 200 1086
"POST /graphql/ HTTP/1.1" 200 1429
"POST /graphql/ HTTP/1.1" 200 1429
"POST /graphql/ HTTP/1.1" 200 128
"POST /graphql/ HTTP/1.1" 200 128
E:\Dev\Zee\SIMS_Backend\core\mutations\core_mutations.py changed, reloading.
Watching for file changes with StatReloader
"POST /graphql/ HTTP/1.1" 200 102
"POST /graphql/ HTTP/1.1" 200 319
"POST /graphql/ HTTP/1.1" 200 1086
"POST /graphql/ HTTP/1.1" 200 1086
"POST /graphql/ HTTP/1.1" 200 1429
"POST /graphql/ HTTP/1.1" 200 1429
"POST /graphql/ HTTP/1.1" 200 337
"POST /graphql/ HTTP/1.1" 200 319
"POST /graphql/ HTTP/1.1" 200 1086
"POST /graphql/ HTTP/1.1" 200 1086
"POST /graphql/ HTTP/1.1" 200 1429
"POST /graphql/ HTTP/1.1" 200 1429
"POST /graphql/ HTTP/1.1" 200 336
"POST /graphql/ HTTP/1.1" 200 336
"POST /graphql/ HTTP/1.1" 200 1831
"POST /graphql/ HTTP/1.1" 200 1831
"POST /graphql/ HTTP/1.1" 200 1535
"POST /graphql/ HTTP/1.1" 200 1535
"POST /graphql/ HTTP/1.1" 200 1677
"POST /graphql/ HTTP/1.1" 200 1677
"POST /graphql/ HTTP/1.1" 200 1831
"POST /graphql/ HTTP/1.1" 200 1831
"POST /graphql/ HTTP/1.1" 200 1831
"POST /graphql/ HTTP/1.1" 200 1831
"POST /graphql/ HTTP/1.1" 200 1831
"POST /graphql/ HTTP/1.1" 200 1831
"POST /graphql/ HTTP/1.1" 200 1831
"POST /graphql/ HTTP/1.1" 200 1831
"POST /graphql/ HTTP/1.1" 200 1831
"POST /graphql/ HTTP/1.1" 200 1831
"POST /graphql/ HTTP/1.1" 200 1831
"POST /graphql/ HTTP/1.1" 200 1831
"POST /graphql/ HTTP/1.1" 200 1831
"POST /graphql/ HTTP/1.1" 200 1831
"POST /graphql/ HTTP/1.1" 200 1831
"POST /graphql/ HTTP/1.1" 200 1831
"POST /graphql/ HTTP/1.1" 200 1677
"POST /graphql/ HTTP/1.1" 200 1677
"POST /graphql/ HTTP/1.1" 200 1831
"POST /graphql/ HTTP/1.1" 200 1831
"POST /graphql/ HTTP/1.1" 200 1831
"POST /graphql/ HTTP/1.1" 200 1831
"POST /graphql/ HTTP/1.1" 200 1535
"POST /graphql/ HTTP/1.1" 200 1535
"POST /graphql/ HTTP/1.1" 200 1677
"POST /graphql/ HTTP/1.1" 200 1677
"POST /graphql/ HTTP/1.1" 200 3731
"POST /graphql/ HTTP/1.1" 200 3731
"POST /graphql/ HTTP/1.1" 200 2855
"POST /graphql/ HTTP/1.1" 200 2855
"POST /graphql/ HTTP/1.1" 200 2039
"POST /graphql/ HTTP/1.1" 200 2855
"POST /graphql/ HTTP/1.1" 200 921
"POST /graphql/ HTTP/1.1" 200 28
"POST /graphql/ HTTP/1.1" 200 28
"POST /graphql/ HTTP/1.1" 200 921
"POST /graphql/ HTTP/1.1" 200 456
"POST /graphql/ HTTP/1.1" 200 456
"POST /graphql/ HTTP/1.1" 200 483
"POST /graphql/ HTTP/1.1" 200 379
"POST /graphql/ HTTP/1.1" 200 379
"POST /graphql/ HTTP/1.1" 200 71
"POST /graphql/ HTTP/1.1" 200 483
"POST /graphql/ HTTP/1.1" 200 69
"POST /graphql/ HTTP/1.1" 200 70
"POST /graphql/ HTTP/1.1" 200 70
"POST /graphql/ HTTP/1.1" 200 69
"POST /graphql/ HTTP/1.1" 200 70
"POST /graphql/ HTTP/1.1" 200 70
"POST /graphql/ HTTP/1.1" 200 71
"POST /graphql/ HTTP/1.1" 200 135
"POST /graphql/ HTTP/1.1" 200 135
E:\Dev\Zee\SIMS_Backend\core\queries\core_queries.py changed, reloading.
Watching for file changes with StatReloader
"POST /graphql/ HTTP/1.1" 200 2248
"POST /graphql/ HTTP/1.1" 200 2248
E:\Dev\Zee\SIMS_Backend\core\mutations\core_mutations.py changed, reloading.
"POST /graphql/ HTTP/1.1" 200 738
"POST /graphql/ HTTP/1.1" 200 738
Watching for file changes with StatReloader
E:\Dev\Zee\SIMS_Backend\core\mutations\core_mutations.py changed, reloading.
Watching for file changes with StatReloader
"POST /graphql/ HTTP/1.1" 200 135
"POST /graphql/ HTTP/1.1" 200 135
E:\Dev\Zee\SIMS_Backend\core\mutations\core_mutations.py changed, reloading.
Watching for file changes with StatReloader
"POST /graphql/ HTTP/1.1" 200 135
"POST /graphql/ HTTP/1.1" 200 135
Watching for file changes with StatReloader
"POST /graphql/ HTTP/1.1" 200 336
"POST /graphql/ HTTP/1.1" 200 1831
"POST /graphql/ HTTP/1.1" 200 1831
"POST /graphql/ HTTP/1.1" 200 596
"POST /graphql/ HTTP/1.1" 200 596
"POST /graphql/ HTTP/1.1" 200 81
"POST /graphql/ HTTP/1.1" 200 135
"POST /graphql/ HTTP/1.1" 200 135
Watching for file changes with StatReloader
"OPTIONS /graphql/ HTTP/1.1" 200 0
"POST /graphql/ HTTP/1.1" 200 319
"POST /graphql/ HTTP/1.1" 200 1086
"POST /graphql/ HTTP/1.1" 200 1086
"POST /graphql/ HTTP/1.1" 200 102
"POST /graphql/ HTTP/1.1" 200 254
"POST /graphql/ HTTP/1.1" 200 254
E:\Dev\Zee\SIMS_Backend\core\mutations\core_mutations.py changed, reloading.
Watching for file changes with StatReloader
"POST /graphql/ HTTP/1.1" 200 336
"POST /graphql/ HTTP/1.1" 200 1831
"POST /graphql/ HTTP/1.1" 200 1831
"POST /graphql/ HTTP/1.1" 200 1128
"POST /graphql/ HTTP/1.1" 200 1044
"POST /graphql/ HTTP/1.1" 200 1128
"POST /graphql/ HTTP/1.1" 200 1044
E:\Dev\Zee\SIMS_Backend\core\mutations\core_mutations.py changed, reloading.
Watching for file changes with StatReloader
E:\Dev\Zee\SIMS_Backend\core\mutations\core_mutations.py changed, reloading.
Watching for file changes with StatReloader
E:\Dev\Zee\SIMS_Backend\core\mutations\core_mutations.py changed, reloading.
Watching for file changes with StatReloader
"POST /graphql/ HTTP/1.1" 200 1044
"POST /graphql/ HTTP/1.1" 200 1128
"POST /graphql/ HTTP/1.1" 200 1128
"POST /graphql/ HTTP/1.1" 200 1044
"POST /graphql/ HTTP/1.1" 200 1044
"POST /graphql/ HTTP/1.1" 200 1128
"POST /graphql/ HTTP/1.1" 200 1044
"POST /graphql/ HTTP/1.1" 200 1128
"POST /graphql/ HTTP/1.1" 200 1128
"POST /graphql/ HTTP/1.1" 200 1128
"POST /graphql/ HTTP/1.1" 200 1044
"POST /graphql/ HTTP/1.1" 200 1044
"POST /graphql/ HTTP/1.1" 200 50
"POST /graphql/ HTTP/1.1" 200 323
"POST /graphql/ HTTP/1.1" 200 271
"POST /graphql/ HTTP/1.1" 200 271
"POST /graphql/ HTTP/1.1" 200 839
"POST /graphql/ HTTP/1.1" 200 839
"POST /graphql/ HTTP/1.1" 200 175
"POST /graphql/ HTTP/1.1" 200 175
"POST /graphql/ HTTP/1.1" 200 2320
"POST /graphql/ HTTP/1.1" 200 2320
"POST /graphql/ HTTP/1.1" 200 73
"POST /graphql/ HTTP/1.1" 200 73
"POST /graphql/ HTTP/1.1" 200 1134
"POST /graphql/ HTTP/1.1" 200 540
"POST /graphql/ HTTP/1.1" 200 1134
"POST /graphql/ HTTP/1.1" 200 175
"POST /graphql/ HTTP/1.1" 200 175
"POST /graphql/ HTTP/1.1" 200 2320
"POST /graphql/ HTTP/1.1" 200 2320
"POST /graphql/ HTTP/1.1" 200 50
"POST /graphql/ HTTP/1.1" 200 323
"POST /graphql/ HTTP/1.1" 200 271
"POST /graphql/ HTTP/1.1" 200 271
"POST /graphql/ HTTP/1.1" 200 839
"POST /graphql/ HTTP/1.1" 200 839
"POST /graphql/ HTTP/1.1" 200 175
"POST /graphql/ HTTP/1.1" 200 175
"POST /graphql/ HTTP/1.1" 200 2320
"POST /graphql/ HTTP/1.1" 200 2320
"POST /graphql/ HTTP/1.1" 200 123
"POST /graphql/ HTTP/1.1" 200 123
"POST /graphql/ HTTP/1.1" 200 841
"POST /graphql/ HTTP/1.1" 200 841
"POST /graphql/ HTTP/1.1" 200 1297
"POST /graphql/ HTTP/1.1" 200 50
"POST /graphql/ HTTP/1.1" 200 327
"POST /graphql/ HTTP/1.1" 200 267
"POST /graphql/ HTTP/1.1" 200 267
"POST /graphql/ HTTP/1.1" 200 385
"POST /graphql/ HTTP/1.1" 200 1011
"POST /graphql/ HTTP/1.1" 200 385
"POST /graphql/ HTTP/1.1" 200 1011
"POST /graphql/ HTTP/1.1" 200 267
"POST /graphql/ HTTP/1.1" 200 385
"POST /graphql/ HTTP/1.1" 200 1011
"POST /graphql/ HTTP/1.1" 200 267
"POST /graphql/ HTTP/1.1" 200 385
"POST /graphql/ HTTP/1.1" 200 1011
"POST /graphql/ HTTP/1.1" 200 267
"POST /graphql/ HTTP/1.1" 200 267
"POST /graphql/ HTTP/1.1" 200 385
"POST /graphql/ HTTP/1.1" 200 385
"POST /graphql/ HTTP/1.1" 200 1011
"POST /graphql/ HTTP/1.1" 200 1011
"POST /graphql/ HTTP/1.1" 200 160
"POST /graphql/ HTTP/1.1" 200 160
"POST /graphql/ HTTP/1.1" 200 3705
"POST /graphql/ HTTP/1.1" 200 3705
"POST /graphql/ HTTP/1.1" 200 130
"POST /graphql/ HTTP/1.1" 200 130
"POST /graphql/ HTTP/1.1" 200 1335
"POST /graphql/ HTTP/1.1" 200 50
"POST /graphql/ HTTP/1.1" 200 319
"POST /graphql/ HTTP/1.1" 200 1086
"POST /graphql/ HTTP/1.1" 200 1086
"POST /graphql/ HTTP/1.1" 200 1128
"POST /graphql/ HTTP/1.1" 200 2819
"POST /graphql/ HTTP/1.1" 200 2819
"POST /graphql/ HTTP/1.1" 200 1128
"POST /graphql/ HTTP/1.1" 200 1128
"POST /graphql/ HTTP/1.1" 200 2819
"POST /graphql/ HTTP/1.1" 200 1128
"POST /graphql/ HTTP/1.1" 200 1128
"POST /graphql/ HTTP/1.1" 200 2819
"POST /graphql/ HTTP/1.1" 200 2819
"POST /graphql/ HTTP/1.1" 200 50
"POST /graphql/ HTTP/1.1" 200 319
"POST /graphql/ HTTP/1.1" 200 1086
"POST /graphql/ HTTP/1.1" 200 1086
"POST /graphql/ HTTP/1.1" 200 1128
"POST /graphql/ HTTP/1.1" 200 3382
"POST /graphql/ HTTP/1.1" 200 3382
"POST /graphql/ HTTP/1.1" 200 1128
"POST /graphql/ HTTP/1.1" 200 50
Watching for file changes with StatReloader
"POST /graphql/ HTTP/1.1" 200 319
"POST /graphql/ HTTP/1.1" 200 1086
"POST /graphql/ HTTP/1.1" 200 1086
"POST /graphql/ HTTP/1.1" 200 50
"POST /graphql/ HTTP/1.1" 200 319
"POST /graphql/ HTTP/1.1" 200 1086
"POST /graphql/ HTTP/1.1" 200 1086
"POST /graphql/ HTTP/1.1" 200 50
"OPTIONS /graphql/ HTTP/1.1" 200 0
"POST /graphql/ HTTP/1.1" 200 336
"POST /graphql/ HTTP/1.1" 200 1831
"POST /graphql/ HTTP/1.1" 200 1831
"POST /graphql/ HTTP/1.1" 200 1535
"POST /graphql/ HTTP/1.1" 200 1535
"POST /graphql/ HTTP/1.1" 200 1677
"POST /graphql/ HTTP/1.1" 200 1677
"POST /graphql/ HTTP/1.1" 200 1128
"POST /graphql/ HTTP/1.1" 200 5091
"POST /graphql/ HTTP/1.1" 200 1128
"POST /graphql/ HTTP/1.1" 200 5091
"POST /graphql/ HTTP/1.1" 200 50
"POST /graphql/ HTTP/1.1" 200 323
"POST /graphql/ HTTP/1.1" 200 271
"POST /graphql/ HTTP/1.1" 200 271
"POST /graphql/ HTTP/1.1" 200 839
"POST /graphql/ HTTP/1.1" 200 839
"POST /graphql/ HTTP/1.1" 200 132
"POST /graphql/ HTTP/1.1" 200 28
"POST /graphql/ HTTP/1.1" 200 132
"POST /graphql/ HTTP/1.1" 200 28
"POST /graphql/ HTTP/1.1" 200 902
"POST /graphql/ HTTP/1.1" 200 50
"POST /graphql/ HTTP/1.1" 200 336
"POST /graphql/ HTTP/1.1" 200 1831
"POST /graphql/ HTTP/1.1" 200 1831
"POST /graphql/ HTTP/1.1" 200 379
"POST /graphql/ HTTP/1.1" 200 379
"POST /graphql/ HTTP/1.1" 200 483
"POST /graphql/ HTTP/1.1" 200 483
"POST /graphql/ HTTP/1.1" 200 70
"POST /graphql/ HTTP/1.1" 200 71
"POST /graphql/ HTTP/1.1" 200 69
"POST /graphql/ HTTP/1.1" 200 69
"POST /graphql/ HTTP/1.1" 200 71
"POST /graphql/ HTTP/1.1" 200 70
"POST /graphql/ HTTP/1.1" 200 70
"POST /graphql/ HTTP/1.1" 200 70
"POST /graphql/ HTTP/1.1" 200 1535
"POST /graphql/ HTTP/1.1" 200 1535
"POST /graphql/ HTTP/1.1" 200 318
"POST /graphql/ HTTP/1.1" 200 318
"POST /graphql/ HTTP/1.1" 200 481
"POST /graphql/ HTTP/1.1" 200 481
"POST /graphql/ HTTP/1.1" 200 379
"POST /graphql/ HTTP/1.1" 200 379
"POST /graphql/ HTTP/1.1" 200 70
"POST /graphql/ HTTP/1.1" 200 69
"POST /graphql/ HTTP/1.1" 200 71
"POST /graphql/ HTTP/1.1" 200 69
"POST /graphql/ HTTP/1.1" 200 70
"POST /graphql/ HTTP/1.1" 200 70
"POST /graphql/ HTTP/1.1" 200 71
"POST /graphql/ HTTP/1.1" 200 70
"POST /graphql/ HTTP/1.1" 200 1533
"POST /graphql/ HTTP/1.1" 200 1533
"POST /graphql/ HTTP/1.1" 200 481
"POST /graphql/ HTTP/1.1" 200 379
"POST /graphql/ HTTP/1.1" 200 481
"POST /graphql/ HTTP/1.1" 200 379
"POST /graphql/ HTTP/1.1" 200 70
"POST /graphql/ HTTP/1.1" 200 71
"POST /graphql/ HTTP/1.1" 200 69
"POST /graphql/ HTTP/1.1" 200 70
"POST /graphql/ HTTP/1.1" 200 70
"POST /graphql/ HTTP/1.1" 200 69
"POST /graphql/ HTTP/1.1" 200 71
"POST /graphql/ HTTP/1.1" 200 70
"POST /graphql/ HTTP/1.1" 200 50
"POST /graphql/ HTTP/1.1" 200 336
"POST /graphql/ HTTP/1.1" 200 1831
"POST /graphql/ HTTP/1.1" 200 1831
"POST /graphql/ HTTP/1.1" 200 1533
"POST /graphql/ HTTP/1.1" 200 1533
"POST /graphql/ HTTP/1.1" 200 317
"POST /graphql/ HTTP/1.1" 200 50
"POST /graphql/ HTTP/1.1" 200 317
"POST /graphql/ HTTP/1.1" 200 270
"POST /graphql/ HTTP/1.1" 200 270
"POST /graphql/ HTTP/1.1" 200 640
"POST /graphql/ HTTP/1.1" 200 640
"POST /graphql/ HTTP/1.1" 200 311
"POST /graphql/ HTTP/1.1" 200 311
"POST /graphql/ HTTP/1.1" 200 96
"POST /graphql/ HTTP/1.1" 200 70
"POST /graphql/ HTTP/1.1" 200 133
"POST /graphql/ HTTP/1.1" 200 133
"POST /graphql/ HTTP/1.1" 200 28
"POST /graphql/ HTTP/1.1" 200 28
"POST /graphql/ HTTP/1.1" 200 540
"POST /graphql/ HTTP/1.1" 200 258
"POST /graphql/ HTTP/1.1" 200 301
"POST /graphql/ HTTP/1.1" 200 50
"POST /graphql/ HTTP/1.1" 200 336
"POST /graphql/ HTTP/1.1" 200 1831
"POST /graphql/ HTTP/1.1" 200 1831
"POST /graphql/ HTTP/1.1" 200 481
"POST /graphql/ HTTP/1.1" 200 379
"POST /graphql/ HTTP/1.1" 200 481
"POST /graphql/ HTTP/1.1" 200 379
"POST /graphql/ HTTP/1.1" 200 69
"POST /graphql/ HTTP/1.1" 200 70
"POST /graphql/ HTTP/1.1" 200 71
"POST /graphql/ HTTP/1.1" 200 69
"POST /graphql/ HTTP/1.1" 200 70
"POST /graphql/ HTTP/1.1" 200 70
"POST /graphql/ HTTP/1.1" 200 70
"POST /graphql/ HTTP/1.1" 200 71
"POST /graphql/ HTTP/1.1" 200 921
"POST /graphql/ HTTP/1.1" 200 921
"POST /graphql/ HTTP/1.1" 200 407
"POST /graphql/ HTTP/1.1" 200 407
"POST /graphql/ HTTP/1.1" 200 818
"POST /graphql/ HTTP/1.1" 200 818
"POST /graphql/ HTTP/1.1" 200 880
"POST /graphql/ HTTP/1.1" 200 1125
"POST /graphql/ HTTP/1.1" 200 7939
"POST /graphql/ HTTP/1.1" 200 7939
"POST /graphql/ HTTP/1.1" 200 1125
"POST /graphql/ HTTP/1.1" 200 2248
"POST /graphql/ HTTP/1.1" 200 2248
"POST /graphql/ HTTP/1.1" 200 1831
"POST /graphql/ HTTP/1.1" 200 1831
"POST /graphql/ HTTP/1.1" 200 1532
"POST /graphql/ HTTP/1.1" 200 1532
"POST /graphql/ HTTP/1.1" 200 1677
"POST /graphql/ HTTP/1.1" 200 1677
"POST /graphql/ HTTP/1.1" 200 1532
"POST /graphql/ HTTP/1.1" 200 1532
"POST /graphql/ HTTP/1.1" 200 1677
"POST /graphql/ HTTP/1.1" 200 1677
"POST /graphql/ HTTP/1.1" 200 3729
"POST /graphql/ HTTP/1.1" 200 3729
"POST /graphql/ HTTP/1.1" 200 2854
"POST /graphql/ HTTP/1.1" 200 2854
"POST /graphql/ HTTP/1.1" 200 2038
"POST /graphql/ HTTP/1.1" 200 2854
"POST /graphql/ HTTP/1.1" 200 3729
"POST /graphql/ HTTP/1.1" 200 3729
"POST /graphql/ HTTP/1.1" 200 1677
"POST /graphql/ HTTP/1.1" 200 1677
"POST /graphql/ HTTP/1.1" 200 3729
"POST /graphql/ HTTP/1.1" 200 3729
"POST /graphql/ HTTP/1.1" 200 2854
"POST /graphql/ HTTP/1.1" 200 2854
"POST /graphql/ HTTP/1.1" 200 2038
"POST /graphql/ HTTP/1.1" 200 1677
"POST /graphql/ HTTP/1.1" 200 1677
"POST /graphql/ HTTP/1.1" 200 1425
"POST /graphql/ HTTP/1.1" 200 1425
"POST /graphql/ HTTP/1.1" 200 356
E:\Dev\Zee\SIMS_Backend\core\schema\core_schema.py changed, reloading.
Watching for file changes with StatReloader
"POST /graphql/ HTTP/1.1" 200 1425
"POST /graphql/ HTTP/1.1" 200 1425
"POST /graphql/ HTTP/1.1" 200 430
E:\Dev\Zee\SIMS_Backend\core\models\core_models.py changed, reloading.
Watching for file changes with StatReloader
"POST /graphql/ HTTP/1.1" 200 381
"POST /graphql/ HTTP/1.1" 200 717
"POST /graphql/ HTTP/1.1" 200 379
"POST /graphql/ HTTP/1.1" 200 717
"POST /graphql/ HTTP/1.1" 200 379
"POST /graphql/ HTTP/1.1" 200 70
"POST /graphql/ HTTP/1.1" 200 69
"POST /graphql/ HTTP/1.1" 200 71
"POST /graphql/ HTTP/1.1" 200 71
"POST /graphql/ HTTP/1.1" 200 69
"POST /graphql/ HTTP/1.1" 200 70
"POST /graphql/ HTTP/1.1" 200 70
"POST /graphql/ HTTP/1.1" 200 71
"POST /graphql/ HTTP/1.1" 200 70
"POST /graphql/ HTTP/1.1" 200 71
"POST /graphql/ HTTP/1.1" 200 96
"POST /graphql/ HTTP/1.1" 200 70
"POST /graphql/ HTTP/1.1" 200 2286
"POST /graphql/ HTTP/1.1" 200 2286
"POST /graphql/ HTTP/1.1" 200 1765
"POST /graphql/ HTTP/1.1" 200 2248
"POST /graphql/ HTTP/1.1" 200 2248
"POST /graphql/ HTTP/1.1" 200 2286
"POST /graphql/ HTTP/1.1" 200 2286
"POST /graphql/ HTTP/1.1" 200 1765
"POST /graphql/ HTTP/1.1" 200 50
"POST /graphql/ HTTP/1.1" 200 317
"POST /graphql/ HTTP/1.1" 200 280
"POST /graphql/ HTTP/1.1" 200 280
"POST /graphql/ HTTP/1.1" 200 444
"POST /graphql/ HTTP/1.1" 200 444
"POST /graphql/ HTTP/1.1" 200 188
"POST /graphql/ HTTP/1.1" 200 188
"POST /graphql/ HTTP/1.1" 200 1925
"POST /graphql/ HTTP/1.1" 200 1925
"POST /graphql/ HTTP/1.1" 200 73
"POST /graphql/ HTTP/1.1" 200 73
"POST /graphql/ HTTP/1.1" 200 540
"POST /graphql/ HTTP/1.1" 200 540
"POST /graphql/ HTTP/1.1" 200 133
"POST /graphql/ HTTP/1.1" 200 133
"POST /graphql/ HTTP/1.1" 200 546
"POST /graphql/ HTTP/1.1" 200 546
"POST /graphql/ HTTP/1.1" 200 133
"POST /graphql/ HTTP/1.1" 200 28
"POST /graphql/ HTTP/1.1" 200 133
"POST /graphql/ HTTP/1.1" 200 540
"POST /graphql/ HTTP/1.1" 200 28
"POST /graphql/ HTTP/1.1" 200 133
"POST /graphql/ HTTP/1.1" 200 28
"POST /graphql/ HTTP/1.1" 200 133
"POST /graphql/ HTTP/1.1" 200 28
"POST /graphql/ HTTP/1.1" 200 540
"POST /graphql/ HTTP/1.1" 200 258
"POST /graphql/ HTTP/1.1" 200 301
"POST /graphql/ HTTP/1.1" 200 142
"POST /graphql/ HTTP/1.1" 200 246
"POST /graphql/ HTTP/1.1" 200 579
"POST /graphql/ HTTP/1.1" 200 50
"POST /graphql/ HTTP/1.1" 200 336
"POST /graphql/ HTTP/1.1" 200 1963
"POST /graphql/ HTTP/1.1" 200 1963
"POST /graphql/ HTTP/1.1" 200 1677
"POST /graphql/ HTTP/1.1" 200 1677
"POST /graphql/ HTTP/1.1" 200 1651
"POST /graphql/ HTTP/1.1" 200 1651
"POST /graphql/ HTTP/1.1" 200 1677
"POST /graphql/ HTTP/1.1" 200 1677
"POST /graphql/ HTTP/1.1" 200 1651
"POST /graphql/ HTTP/1.1" 200 1651
"POST /graphql/ HTTP/1.1" 200 1301
"POST /graphql/ HTTP/1.1" 200 9077
"POST /graphql/ HTTP/1.1" 200 9077
"POST /graphql/ HTTP/1.1" 200 1301
"POST /graphql/ HTTP/1.1" 200 50
Watching for file changes with StatReloader
"OPTIONS /graphql/ HTTP/1.1" 200 0
"POST /graphql/ HTTP/1.1" 200 336
"POST /graphql/ HTTP/1.1" 200 1963
"POST /graphql/ HTTP/1.1" 200 1963
"POST /graphql/ HTTP/1.1" 200 2994
"POST /graphql/ HTTP/1.1" 200 2994
"POST /graphql/ HTTP/1.1" 200 2178
"POST /graphql/ HTTP/1.1" 200 3892
"POST /graphql/ HTTP/1.1" 200 3892
"POST /graphql/ HTTP/1.1" 200 2994
"POST /graphql/ HTTP/1.1" 200 2994
"POST /graphql/ HTTP/1.1" 200 2178
"POST /graphql/ HTTP/1.1" 200 2994
"POST /graphql/ HTTP/1.1" 200 2994
"POST /graphql/ HTTP/1.1" 200 2178
"POST /graphql/ HTTP/1.1" 200 50
Watching for file changes with StatReloader
"OPTIONS /graphql/ HTTP/1.1" 200 0
"POST /graphql/ HTTP/1.1" 200 102
"POST /graphql/ HTTP/1.1" 200 336
"POST /graphql/ HTTP/1.1" 200 1963
"POST /graphql/ HTTP/1.1" 200 1963
"POST /graphql/ HTTP/1.1" 200 2994
"POST /graphql/ HTTP/1.1" 200 2994
"POST /graphql/ HTTP/1.1" 200 2178
"POST /graphql/ HTTP/1.1" 200 152
"POST /graphql/ HTTP/1.1" 200 921
"POST /graphql/ HTTP/1.1" 200 28
"POST /graphql/ HTTP/1.1" 200 656
"POST /graphql/ HTTP/1.1" 200 656
"POST /graphql/ HTTP/1.1" 200 921
"POST /graphql/ HTTP/1.1" 200 28
"POST /graphql/ HTTP/1.1" 200 1677
"POST /graphql/ HTTP/1.1" 200 1677
E:\Dev\Zee\SIMS_Backend\academics\mutations\academics_mutations.py changed, reloading.
Watching for file changes with StatReloader
E:\Dev\Zee\SIMS_Backend\academics\mutations\academics_mutations.py changed, reloading.
Watching for file changes with StatReloader
E:\Dev\Zee\SIMS_Backend\academics\mutations\academics_mutations.py changed, reloading.
Watching for file changes with StatReloader
"POST /graphql/ HTTP/1.1" 200 3892
"POST /graphql/ HTTP/1.1" 200 3892
"POST /graphql/ HTTP/1.1" 200 2994
"POST /graphql/ HTTP/1.1" 200 2994
"POST /graphql/ HTTP/1.1" 200 2178
"POST /graphql/ HTTP/1.1" 200 2994
"POST /graphql/ HTTP/1.1" 200 145
"POST /graphql/ HTTP/1.1" 200 3404
"POST /graphql/ HTTP/1.1" 200 3404
"POST /graphql/ HTTP/1.1" 200 3404
"POST /graphql/ HTTP/1.1" 200 2178
"POST /graphql/ HTTP/1.1" 200 3404
"POST /graphql/ HTTP/1.1" 200 3892
"POST /graphql/ HTTP/1.1" 200 3892
"POST /graphql/ HTTP/1.1" 200 3404
"POST /graphql/ HTTP/1.1" 200 3404
"POST /graphql/ HTTP/1.1" 200 2178
"POST /graphql/ HTTP/1.1" 200 3404
"POST /graphql/ HTTP/1.1" 200 2178
"POST /graphql/ HTTP/1.1" 200 3892
"POST /graphql/ HTTP/1.1" 200 3892
"POST /graphql/ HTTP/1.1" 200 1677
"POST /graphql/ HTTP/1.1" 200 1677
"POST /graphql/ HTTP/1.1" 200 3892
"POST /graphql/ HTTP/1.1" 200 3892
"POST /graphql/ HTTP/1.1" 200 1677
"POST /graphql/ HTTP/1.1" 200 1677
"POST /graphql/ HTTP/1.1" 200 336
"POST /graphql/ HTTP/1.1" 200 1963
"POST /graphql/ HTTP/1.1" 200 1963
"POST /graphql/ HTTP/1.1" 200 3404
"POST /graphql/ HTTP/1.1" 200 3404
"POST /graphql/ HTTP/1.1" 200 2178
"POST /graphql/ HTTP/1.1" 200 3892
"POST /graphql/ HTTP/1.1" 200 3892
"POST /graphql/ HTTP/1.1" 200 1677
"POST /graphql/ HTTP/1.1" 200 1677
"POST /graphql/ HTTP/1.1" 200 484
"POST /graphql/ HTTP/1.1" 200 83
"POST /graphql/ HTTP/1.1" 200 50
Watching for file changes with StatReloader
"POST /graphql/ HTTP/1.1" 200 336
"POST /graphql/ HTTP/1.1" 200 2118
"POST /graphql/ HTTP/1.1" 200 2118
"POST /graphql/ HTTP/1.1" 200 2057
"POST /graphql/ HTTP/1.1" 200 2057
"POST /graphql/ HTTP/1.1" 200 1880
"POST /graphql/ HTTP/1.1" 200 1880
"POST /graphql/ HTTP/1.1" 200 2118
"POST /graphql/ HTTP/1.1" 200 2118
"POST /graphql/ HTTP/1.1" 200 3404
"POST /graphql/ HTTP/1.1" 200 3404
"POST /graphql/ HTTP/1.1" 200 2178
"POST /graphql/ HTTP/1.1" 200 3404
"POST /graphql/ HTTP/1.1" 200 552
"POST /graphql/ HTTP/1.1" 200 717
"POST /graphql/ HTTP/1.1" 200 717
"POST /graphql/ HTTP/1.1" 200 552
"POST /graphql/ HTTP/1.1" 200 70
"POST /graphql/ HTTP/1.1" 200 70
"POST /graphql/ HTTP/1.1" 200 70
"POST /graphql/ HTTP/1.1" 200 69
"POST /graphql/ HTTP/1.1" 200 71
"POST /graphql/ HTTP/1.1" 200 71
"POST /graphql/ HTTP/1.1" 200 69
"POST /graphql/ HTTP/1.1" 200 70
"POST /graphql/ HTTP/1.1" 200 70
"POST /graphql/ HTTP/1.1" 200 71
"POST /graphql/ HTTP/1.1" 200 71
"POST /graphql/ HTTP/1.1" 200 70
"POST /graphql/ HTTP/1.1" 200 96
"POST /graphql/ HTTP/1.1" 200 70
"POST /graphql/ HTTP/1.1" 200 902
"POST /graphql/ HTTP/1.1" 200 902
"POST /graphql/ HTTP/1.1" 200 2057
"POST /graphql/ HTTP/1.1" 200 2057
Watching for file changes with StatReloader
"OPTIONS /graphql/ HTTP/1.1" 200 0
"POST /graphql/ HTTP/1.1" 200 165
"OPTIONS /graphql/ HTTP/1.1" 200 0
"POST /graphql/ HTTP/1.1" 200 336
"POST /graphql/ HTTP/1.1" 200 2118
"POST /graphql/ HTTP/1.1" 200 2118
"POST /graphql/ HTTP/1.1" 200 4034
"POST /graphql/ HTTP/1.1" 200 4034
"POST /graphql/ HTTP/1.1" 200 3404
"POST /graphql/ HTTP/1.1" 200 3404
"POST /graphql/ HTTP/1.1" 200 2178
"POST /graphql/ HTTP/1.1" 200 28
"POST /graphql/ HTTP/1.1" 200 656
"POST /graphql/ HTTP/1.1" 200 921
"POST /graphql/ HTTP/1.1" 200 28
"POST /graphql/ HTTP/1.1" 200 921
"POST /graphql/ HTTP/1.1" 200 656
"POST /graphql/ HTTP/1.1" 200 3404
"POST /graphql/ HTTP/1.1" 200 3404
"POST /graphql/ HTTP/1.1" 200 2178
"POST /graphql/ HTTP/1.1" 200 3404
"POST /graphql/ HTTP/1.1" 200 145
"POST /graphql/ HTTP/1.1" 200 3810
Watching for file changes with StatReloader
"OPTIONS /graphql/ HTTP/1.1" 200 0
"POST /graphql/ HTTP/1.1" 200 319
"POST /graphql/ HTTP/1.1" 200 1373
"POST /graphql/ HTTP/1.1" 200 1373
"POST /graphql/ HTTP/1.1" 200 1880
"POST /graphql/ HTTP/1.1" 200 1880
"POST /graphql/ HTTP/1.1" 200 50
"POST /graphql/ HTTP/1.1" 200 323
"POST /graphql/ HTTP/1.1" 200 271
"POST /graphql/ HTTP/1.1" 200 271
"POST /graphql/ HTTP/1.1" 200 839
"POST /graphql/ HTTP/1.1" 200 839
"POST /graphql/ HTTP/1.1" 200 175
"POST /graphql/ HTTP/1.1" 200 175
"POST /graphql/ HTTP/1.1" 200 2320
"POST /graphql/ HTTP/1.1" 200 2320
"POST /graphql/ HTTP/1.1" 200 123
"POST /graphql/ HTTP/1.1" 200 123
"POST /graphql/ HTTP/1.1" 200 841
"POST /graphql/ HTTP/1.1" 200 841
"POST /graphql/ HTTP/1.1" 200 1297
"POST /graphql/ HTTP/1.1" 200 495
"POST /graphql/ HTTP/1.1" 200 347
"POST /graphql/ HTTP/1.1" 200 1297
E:\Dev\Zee\SIMS_Backend\academics\schema\academics_schema.py changed, reloading.
Watching for file changes with StatReloader
E:\Dev\Zee\SIMS_Backend\academics\mutations\academics_mutations.py changed, reloading.
Watching for file changes with StatReloader
E:\Dev\Zee\SIMS_Backend\academics\mutations\academics_mutations.py changed, reloading.
Watching for file changes with StatReloader
"POST /graphql/ HTTP/1.1" 200 123
"POST /graphql/ HTTP/1.1" 200 841
"POST /graphql/ HTTP/1.1" 200 1297
"POST /graphql/ HTTP/1.1" 200 123
"POST /graphql/ HTTP/1.1" 200 841
"POST /graphql/ HTTP/1.1" 200 1297
Watching for file changes with StatReloader
"GET /graphql/ HTTP/1.1" 200 6237
"GET /graphql/ HTTP/1.1" 200 6237
"POST /graphql/ HTTP/1.1" 200 485
"OPTIONS /graphql/ HTTP/1.1" 200 0
"OPTIONS /graphql/ HTTP/1.1" 200 0
"POST /graphql/ HTTP/1.1" 200 123
"POST /graphql/ HTTP/1.1" 200 123
"POST /graphql/ HTTP/1.1" 200 841
"POST /graphql/ HTTP/1.1" 200 841
"POST /graphql/ HTTP/1.1" 200 1316
- Broken pipe from ('127.0.0.1', 51036)
- Broken pipe from ('127.0.0.1', 51032)
- Broken pipe from ('127.0.0.1', 51033)
"OPTIONS /graphql/ HTTP/1.1" 200 0
"OPTIONS /graphql/ HTTP/1.1" 200 0
"POST /graphql/ HTTP/1.1" 200 123
"POST /graphql/ HTTP/1.1" 200 123
"POST /graphql/ HTTP/1.1" 200 841
"POST /graphql/ HTTP/1.1" 200 841
"POST /graphql/ HTTP/1.1" 200 1316
"POST /graphql/ HTTP/1.1" 200 547
- Broken pipe from ('127.0.0.1', 51059)
- Broken pipe from ('127.0.0.1', 51062)
- Broken pipe from ('127.0.0.1', 51058)
"OPTIONS /graphql/ HTTP/1.1" 200 0
"OPTIONS /graphql/ HTTP/1.1" 200 0
"POST /graphql/ HTTP/1.1" 200 123
"POST /graphql/ HTTP/1.1" 200 123
"POST /graphql/ HTTP/1.1" 200 841
"POST /graphql/ HTTP/1.1" 200 841
"POST /graphql/ HTTP/1.1" 200 1716
"POST /graphql/ HTTP/1.1" 200 547
"OPTIONS /graphql/ HTTP/1.1" 200 0
"OPTIONS /graphql/ HTTP/1.1" 200 0
"POST /graphql/ HTTP/1.1" 200 123
"POST /graphql/ HTTP/1.1" 200 123
"POST /graphql/ HTTP/1.1" 200 841
"POST /graphql/ HTTP/1.1" 200 841
"POST /graphql/ HTTP/1.1" 200 1716
"POST /graphql/ HTTP/1.1" 200 547
"OPTIONS /graphql/ HTTP/1.1" 200 0
"OPTIONS /graphql/ HTTP/1.1" 200 0
"POST /graphql/ HTTP/1.1" 200 123
"POST /graphql/ HTTP/1.1" 200 123
"POST /graphql/ HTTP/1.1" 200 841
"POST /graphql/ HTTP/1.1" 200 841
"POST /graphql/ HTTP/1.1" 200 930
"POST /graphql/ HTTP/1.1" 200 547
"OPTIONS /graphql/ HTTP/1.1" 200 0
"OPTIONS /graphql/ HTTP/1.1" 200 0
"POST /graphql/ HTTP/1.1" 200 123
"POST /graphql/ HTTP/1.1" 200 123
"POST /graphql/ HTTP/1.1" 200 841
"POST /graphql/ HTTP/1.1" 200 841
"POST /graphql/ HTTP/1.1" 200 1328
"POST /graphql/ HTTP/1.1" 200 545
"GET /graphql/ HTTP/1.1" 200 6237
Watching for file changes with StatReloader
"GET /graphql/ HTTP/1.1" 200 6237
"OPTIONS /graphql/ HTTP/1.1" 200 0
"OPTIONS /graphql/ HTTP/1.1" 200 0
"POST /graphql/ HTTP/1.1" 200 123
"POST /graphql/ HTTP/1.1" 200 123
"POST /graphql/ HTTP/1.1" 200 841
"POST /graphql/ HTTP/1.1" 200 841
"POST /graphql/ HTTP/1.1" 200 31
"POST /graphql/ HTTP/1.1" 200 930
"POST /graphql/ HTTP/1.1" 200 670
"POST /graphql/ HTTP/1.1" 200 205
"OPTIONS /graphql/ HTTP/1.1" 200 0
"OPTIONS /graphql/ HTTP/1.1" 200 0
"POST /graphql/ HTTP/1.1" 200 130
"POST /graphql/ HTTP/1.1" 200 130
"POST /graphql/ HTTP/1.1" 200 918
"POST /graphql/ HTTP/1.1" 200 73
"POST /graphql/ HTTP/1.1" 200 728
"POST /graphql/ HTTP/1.1" 200 73
"POST /graphql/ HTTP/1.1" 200 728
"POST /graphql/ HTTP/1.1" 200 135
"POST /graphql/ HTTP/1.1" 200 130
"POST /graphql/ HTTP/1.1" 200 130
"POST /graphql/ HTTP/1.1" 200 1359
"GET /graphql/ HTTP/1.1" 200 6237
Watching for file changes with StatReloader
"POST /graphql/ HTTP/1.1" 200 123
"POST /graphql/ HTTP/1.1" 200 123
"POST /graphql/ HTTP/1.1" 200 841
"POST /graphql/ HTTP/1.1" 200 841
"POST /graphql/ HTTP/1.1" 200 31
"POST /graphql/ HTTP/1.1" 200 930
E:\Dev\Zee\SIMS_Backend\academics\models\grading_models.py changed, reloading.
Watching for file changes with StatReloader
E:\Dev\Zee\SIMS_Backend\academics\mutations\academics_mutations.py changed, reloading.
Watching for file changes with StatReloader
E:\Dev\Zee\SIMS_Backend\academics\mutations\academics_mutations.py changed, reloading.
Watching for file changes with StatReloader
Watching for file changes with StatReloader
"GET /graphql/ HTTP/1.1" 200 6237
"OPTIONS /graphql/ HTTP/1.1" 200 0
"OPTIONS /graphql/ HTTP/1.1" 200 0
"POST /graphql/ HTTP/1.1" 200 123
"POST /graphql/ HTTP/1.1" 200 123
"POST /graphql/ HTTP/1.1" 200 841
"POST /graphql/ HTTP/1.1" 200 841
"POST /graphql/ HTTP/1.1" 200 31
"POST /graphql/ HTTP/1.1" 200 930
"POST /graphql/ HTTP/1.1" 200 670
"POST /graphql/ HTTP/1.1" 200 205
Watching for file changes with StatReloader
"OPTIONS /graphql/ HTTP/1.1" 200 0
"OPTIONS /graphql/ HTTP/1.1" 200 0
"POST /graphql/ HTTP/1.1" 200 123
"POST /graphql/ HTTP/1.1" 200 123
"POST /graphql/ HTTP/1.1" 200 841
"POST /graphql/ HTTP/1.1" 200 841
"POST /graphql/ HTTP/1.1" 200 31
"POST /graphql/ HTTP/1.1" 200 930
"POST /graphql/ HTTP/1.1" 200 665
"POST /graphql/ HTTP/1.1" 200 200
"POST /graphql/ HTTP/1.1" 200 73
"POST /graphql/ HTTP/1.1" 200 723
"POST /graphql/ HTTP/1.1" 200 73
"POST /graphql/ HTTP/1.1" 200 723
"POST /graphql/ HTTP/1.1" 200 123
"POST /graphql/ HTTP/1.1" 200 123
"POST /graphql/ HTTP/1.1" 200 841
"POST /graphql/ HTTP/1.1" 200 841
"POST /graphql/ HTTP/1.1" 200 200
"POST /graphql/ HTTP/1.1" 200 1386
"POST /graphql/ HTTP/1.1" 200 123
"POST /graphql/ HTTP/1.1" 200 123
"POST /graphql/ HTTP/1.1" 200 841
"POST /graphql/ HTTP/1.1" 200 841
"POST /graphql/ HTTP/1.1" 200 200
"POST /graphql/ HTTP/1.1" 200 1386
"POST /graphql/ HTTP/1.1" 200 123
"POST /graphql/ HTTP/1.1" 200 123
"POST /graphql/ HTTP/1.1" 200 841
"POST /graphql/ HTTP/1.1" 200 841
"POST /graphql/ HTTP/1.1" 200 200
"POST /graphql/ HTTP/1.1" 200 1386
Watching for file changes with StatReloader
"GET /graphql/ HTTP/1.1" 200 6237
"OPTIONS /graphql/ HTTP/1.1" 200 0
"OPTIONS /graphql/ HTTP/1.1" 200 0
"POST /graphql/ HTTP/1.1" 200 123
"POST /graphql/ HTTP/1.1" 200 123
"POST /graphql/ HTTP/1.1" 200 841
"POST /graphql/ HTTP/1.1" 200 841
"POST /graphql/ HTTP/1.1" 200 200
"POST /graphql/ HTTP/1.1" 200 1386
"OPTIONS /graphql/ HTTP/1.1" 200 0
"OPTIONS /graphql/ HTTP/1.1" 200 0
"POST /graphql/ HTTP/1.1" 200 123
"POST /graphql/ HTTP/1.1" 200 123
"POST /graphql/ HTTP/1.1" 200 841
"POST /graphql/ HTTP/1.1" 200 841
"POST /graphql/ HTTP/1.1" 200 200
"POST /graphql/ HTTP/1.1" 200 1386
